id,segment_key,segment_type,user_key,question_key,value
304232,2018_be_municipal_be_,candidate,be_politician_4801,question_4,fully_agree
274490,2018_be_municipal_be_8421,candidate,be_politician_1024,question_71,fully_disagree
274491,2018_be_municipal_be_8421,candidate,be_politician_1024,question_93,fully_disagree
274492,2018_be_municipal_be_8421,candidate,be_politician_1024,question_94,fully_disagree
274493,2018_be_municipal_be_8421,candidate,be_politician_1024,question_95,fully_disagree
274494,2018_be_municipal_be_8421,candidate,be_politician_1024,question_96,fully_disagree
274495,2018_be_municipal_be_8421,candidate,be_politician_1024,question_97,fully_disagree
125501,2018_be_municipal_be_8421,candidate,be_politician_1024,question_69,fully_disagree
125502,2018_be_municipal_be_8421,candidate,be_politician_1024,question_75,fully_disagree
170608,2018_be_municipal_be_8421,candidate,be_politician_1024,question_4,fully_disagree
170609,2018_be_municipal_be_8421,candidate,be_politician_1024,question_10,fully_disagree
170610,2018_be_municipal_be_8421,candidate,be_politician_1024,question_22,fully_disagree
170611,2018_be_municipal_be_8421,candidate,be_politician_1024,question_23,fully_disagree
170612,2018_be_municipal_be_8421,candidate,be_politician_1024,question_48,fully_disagree
170613,2018_be_municipal_be_8421,candidate,be_politician_1024,question_49,fully_disagree
170614,2018_be_municipal_be_8421,candidate,be_politician_1024,question_52,fully_disagree
170615,2018_be_municipal_be_8421,candidate,be_politician_1024,question_57,fully_disagree
170616,2018_be_municipal_be_8421,candidate,be_politician_1024,question_76,fully_disagree
174003,2018_be_municipal_be_8421,candidate,be_politician_1024,question_42,fully_disagree
178677,2018_be_municipal_be_8421,candidate,be_politician_1024,question_55,fully_disagree
185279,2018_be_municipal_be_8421,candidate,be_politician_1024,question_17,fully_disagree
187819,2018_be_municipal_be_8421,candidate,be_politician_1024,question_58,fully_disagree
187820,2018_be_municipal_be_8421,candidate,be_politician_1024,question_61,fully_disagree
198737,2018_be_municipal_be_8421,candidate,be_politician_1024,question_38,fully_disagree
198738,2018_be_municipal_be_8421,candidate,be_politician_1024,question_82,fully_disagree
214999,2018_be_municipal_be_8421,candidate,be_politician_1024,question_84,fully_disagree
222684,2018_be_municipal_be_8421,candidate,be_politician_1024,question_20,fully_disagree
235166,2018_be_municipal_be_8421,candidate,be_politician_1024,question_85,fully_disagree
235167,2018_be_municipal_be_8421,candidate,be_politician_1024,question_86,fully_disagree
235168,2018_be_municipal_be_8421,candidate,be_politician_1024,question_87,fully_disagree
235169,2018_be_municipal_be_8421,candidate,be_politician_1024,question_88,fully_disagree
235170,2018_be_municipal_be_8421,candidate,be_politician_1024,question_89,fully_disagree
235171,2018_be_municipal_be_8421,candidate,be_politician_1024,question_90,fully_disagree
235172,2018_be_municipal_be_8421,candidate,be_politician_1024,question_91,fully_disagree
239518,2018_be_municipal_be_8421,candidate,be_politician_1024,question_21,fully_disagree
304231,NULL,candidate,be_politician_10561,question_123,disagree
304230,NULL,candidate,be_politician_10561,question_121,disagree
304229,2018_be_municipal_be_9120,candidate,be_politician_11402,question_127,disagree
304228,2018_be_municipal_be_9120,candidate,be_politician_11402,question_126,disagree
304227,2018_be_municipal_be_9120,candidate,be_politician_11402,question_125,no_opinion
304226,2018_be_municipal_be_9120,candidate,be_politician_11402,question_123,no_opinion
304225,2018_be_municipal_be_9120,candidate,be_politician_11402,question_121,agree
304224,2018_be_municipal_be_9120,candidate,be_politician_11402,question_120,disagree
304223,2018_be_municipal_be_9120,candidate,be_politician_11402,question_118,no_opinion
304222,2018_be_municipal_be_9120,candidate,be_politician_11402,question_117,no_opinion
304221,2018_be_municipal_be_9120,candidate,be_politician_11402,question_114,fully_agree
304220,2018_be_municipal_be_9120,candidate,be_politician_11402,question_113,agree
304219,2018_be_municipal_be_9120,candidate,be_politician_11402,question_111,disagree
304218,2018_be_municipal_be_9120,candidate,be_politician_11402,question_110,disagree
304216,2018_be_municipal_be_9120,candidate,be_politician_11402,question_108,disagree
304215,2018_be_municipal_be_9120,candidate,be_politician_11402,question_107,no_opinion
304214,2018_be_municipal_be_9120,candidate,be_politician_11402,question_106,fully_agree
304213,2018_be_municipal_be_9120,candidate,be_politician_11402,question_105,disagree
304212,2018_be_municipal_be_9120,candidate,be_politician_11402,question_102,fully_agree
304211,2018_be_municipal_be_9120,candidate,be_politician_11402,question_100,no_opinion
304209,2018_be_municipal_be_9120,candidate,be_politician_11402,question_95,no_opinion
304208,2018_be_municipal_be_9120,candidate,be_politician_11402,question_93,no_opinion
304207,2018_be_municipal_be_9120,candidate,be_politician_11402,question_89,no_opinion
304206,2018_be_municipal_be_9120,candidate,be_politician_11402,question_88,disagree
304205,2018_be_municipal_be_9120,candidate,be_politician_11402,question_84,disagree
304204,2018_be_municipal_be_9120,candidate,be_politician_11402,question_58,no_opinion
304203,2018_be_municipal_be_9120,candidate,be_politician_11402,question_49,disagree
304202,2018_be_municipal_be_9120,candidate,be_politician_11402,question_46,agree
304201,2018_be_municipal_be_9120,candidate,be_politician_11402,question_38,no_opinion
304200,2018_be_municipal_be_9120,candidate,be_politician_11402,question_31,disagree
304199,2018_be_municipal_be_9120,candidate,be_politician_11402,question_23,no_opinion
304198,2018_be_municipal_be_9120,candidate,be_politician_11402,question_22,disagree
304197,2018_be_municipal_be_9120,candidate,be_politician_11402,question_21,fully_agree
304196,2018_be_municipal_be_9120,candidate,be_politician_11402,question_20,no_opinion
304195,2018_be_municipal_be_9120,candidate,be_politician_11402,question_14,agree
304194,2018_be_municipal_be_,candidate,be_politician_5521,question_127,disagree
304193,2018_be_municipal_be_,candidate,be_politician_5521,question_124,no_opinion
304192,2018_be_municipal_be_9120,candidate,be_politician_11402,question_4,no_opinion
304191,2018_be_municipal_be_,candidate,be_politician_5521,question_123,no_opinion
304190,2018_be_municipal_be_,candidate,be_politician_5521,question_121,agree
304189,2018_be_municipal_be_,candidate,be_politician_5521,question_120,fully_agree
304188,2018_be_municipal_be_,candidate,be_politician_5521,question_119,fully_agree
304187,2018_be_municipal_be_,candidate,be_politician_5521,question_118,agree
304186,2018_be_municipal_be_,candidate,be_politician_5521,question_114,fully_agree
304185,2018_be_municipal_be_,candidate,be_politician_5521,question_113,disagree
304184,2018_be_municipal_be_,candidate,be_politician_5521,question_111,fully_agree
304183,2018_be_municipal_be_8840,candidate,be_politician_8702,question_49,disagree
304183,2018_be_municipal_be_8840,candidate,be_politician_8702,question_49,disagree
304183,2018_be_municipal_be_8840,candidate,be_politician_8702,question_49,disagree
304182,2018_be_municipal_be_8840,candidate,be_politician_8702,question_46,disagree
304182,2018_be_municipal_be_8840,candidate,be_politician_8702,question_46,disagree
304182,2018_be_municipal_be_8840,candidate,be_politician_8702,question_46,disagree
304181,2018_be_municipal_be_,candidate,be_politician_5521,question_110,no_opinion
304180,2018_be_municipal_be_8840,candidate,be_politician_8702,question_38,agree
304180,2018_be_municipal_be_8840,candidate,be_politician_8702,question_38,agree
304180,2018_be_municipal_be_8840,candidate,be_politician_8702,question_38,agree
304179,2018_be_municipal_be_,candidate,be_politician_5521,question_109,disagree
304178,2018_be_municipal_be_,candidate,be_politician_5521,question_108,disagree
304177,2018_be_municipal_be_,candidate,be_politician_5521,question_107,fully_agree
304176,2018_be_municipal_be_,candidate,be_politician_5521,question_105,disagree
304175,2018_be_municipal_be_,candidate,be_politician_5521,question_104,disagree
304174,2018_be_municipal_be_,candidate,be_politician_5521,question_103,disagree
304173,2018_be_municipal_be_,candidate,be_politician_5521,question_102,no_opinion
304172,2018_be_municipal_be_8840,candidate,be_politician_8702,question_22,disagree
304172,2018_be_municipal_be_8840,candidate,be_politician_8702,question_22,disagree
304172,2018_be_municipal_be_8840,candidate,be_politician_8702,question_22,disagree
304171,2018_be_municipal_be_,candidate,be_politician_5521,question_101,agree
304170,2018_be_municipal_be_,candidate,be_politician_5521,question_100,agree
304169,2018_be_municipal_be_,candidate,be_politician_5521,question_98,no_opinion
304168,2018_be_municipal_be_8840,candidate,be_politician_8702,question_23,agree
304168,2018_be_municipal_be_8840,candidate,be_politician_8702,question_23,agree
304168,2018_be_municipal_be_8840,candidate,be_politician_8702,question_23,agree
304167,2018_be_municipal_be_,candidate,be_politician_5521,question_49,no_opinion
225134,2018_be_municipal_be_9190,candidate,be_politician_8711,question_4,fully_disagree
225135,2018_be_municipal_be_9190,candidate,be_politician_8711,question_20,fully_disagree
225136,2018_be_municipal_be_9190,candidate,be_politician_8711,question_21,fully_disagree
225137,2018_be_municipal_be_9190,candidate,be_politician_8711,question_31,fully_disagree
225138,2018_be_municipal_be_9190,candidate,be_politician_8711,question_48,fully_disagree
225139,2018_be_municipal_be_9190,candidate,be_politician_8711,question_84,fully_disagree
246189,2018_be_municipal_be_9190,candidate,be_politician_8711,question_58,fully_disagree
246190,2018_be_municipal_be_9190,candidate,be_politician_8711,question_85,fully_disagree
246191,2018_be_municipal_be_9190,candidate,be_politician_8711,question_86,fully_disagree
246192,2018_be_municipal_be_9190,candidate,be_politician_8711,question_87,fully_disagree
246193,2018_be_municipal_be_9190,candidate,be_politician_8711,question_88,fully_disagree
246194,2018_be_municipal_be_9190,candidate,be_politician_8711,question_89,fully_disagree
246195,2018_be_municipal_be_9190,candidate,be_politician_8711,question_90,fully_disagree
246196,2018_be_municipal_be_9190,candidate,be_politician_8711,question_91,fully_disagree
285096,2018_be_municipal_be_9190,candidate,be_politician_8711,question_71,fully_disagree
285097,2018_be_municipal_be_9190,candidate,be_politician_8711,question_93,fully_disagree
285098,2018_be_municipal_be_9190,candidate,be_politician_8711,question_94,fully_disagree
285099,2018_be_municipal_be_9190,candidate,be_politician_8711,question_95,fully_disagree
285100,2018_be_municipal_be_9190,candidate,be_politician_8711,question_96,fully_disagree
285101,2018_be_municipal_be_9190,candidate,be_politician_8711,question_97,fully_disagree
225134,2018_be_municipal_be_9190,candidate,be_politician_8711,question_4,fully_disagree
225135,2018_be_municipal_be_9190,candidate,be_politician_8711,question_20,fully_disagree
225136,2018_be_municipal_be_9190,candidate,be_politician_8711,question_21,fully_disagree
225137,2018_be_municipal_be_9190,candidate,be_politician_8711,question_31,fully_disagree
225138,2018_be_municipal_be_9190,candidate,be_politician_8711,question_48,fully_disagree
225139,2018_be_municipal_be_9190,candidate,be_politician_8711,question_84,fully_disagree
246189,2018_be_municipal_be_9190,candidate,be_politician_8711,question_58,fully_disagree
246190,2018_be_municipal_be_9190,candidate,be_politician_8711,question_85,fully_disagree
246191,2018_be_municipal_be_9190,candidate,be_politician_8711,question_86,fully_disagree
246192,2018_be_municipal_be_9190,candidate,be_politician_8711,question_87,fully_disagree
246193,2018_be_municipal_be_9190,candidate,be_politician_8711,question_88,fully_disagree
246194,2018_be_municipal_be_9190,candidate,be_politician_8711,question_89,fully_disagree
246195,2018_be_municipal_be_9190,candidate,be_politician_8711,question_90,fully_disagree
246196,2018_be_municipal_be_9190,candidate,be_politician_8711,question_91,fully_disagree
285096,2018_be_municipal_be_9190,candidate,be_politician_8711,question_71,fully_disagree
285097,2018_be_municipal_be_9190,candidate,be_politician_8711,question_93,fully_disagree
285098,2018_be_municipal_be_9190,candidate,be_politician_8711,question_94,fully_disagree
285099,2018_be_municipal_be_9190,candidate,be_politician_8711,question_95,fully_disagree
285100,2018_be_municipal_be_9190,candidate,be_politician_8711,question_96,fully_disagree
285101,2018_be_municipal_be_9190,candidate,be_politician_8711,question_97,fully_disagree
225134,2018_be_municipal_be_9190,candidate,be_politician_8711,question_4,fully_disagree
225135,2018_be_municipal_be_9190,candidate,be_politician_8711,question_20,fully_disagree
225136,2018_be_municipal_be_9190,candidate,be_politician_8711,question_21,fully_disagree
225137,2018_be_municipal_be_9190,candidate,be_politician_8711,question_31,fully_disagree
225138,2018_be_municipal_be_9190,candidate,be_politician_8711,question_48,fully_disagree
225139,2018_be_municipal_be_9190,candidate,be_politician_8711,question_84,fully_disagree
246189,2018_be_municipal_be_9190,candidate,be_politician_8711,question_58,fully_disagree
246190,2018_be_municipal_be_9190,candidate,be_politician_8711,question_85,fully_disagree
246191,2018_be_municipal_be_9190,candidate,be_politician_8711,question_86,fully_disagree
246192,2018_be_municipal_be_9190,candidate,be_politician_8711,question_87,fully_disagree
246193,2018_be_municipal_be_9190,candidate,be_politician_8711,question_88,fully_disagree
246194,2018_be_municipal_be_9190,candidate,be_politician_8711,question_89,fully_disagree
246195,2018_be_municipal_be_9190,candidate,be_politician_8711,question_90,fully_disagree
246196,2018_be_municipal_be_9190,candidate,be_politician_8711,question_91,fully_disagree
285096,2018_be_municipal_be_9190,candidate,be_politician_8711,question_71,fully_disagree
285097,2018_be_municipal_be_9190,candidate,be_politician_8711,question_93,fully_disagree
285098,2018_be_municipal_be_9190,candidate,be_politician_8711,question_94,fully_disagree
285099,2018_be_municipal_be_9190,candidate,be_politician_8711,question_95,fully_disagree
285100,2018_be_municipal_be_9190,candidate,be_politician_8711,question_96,fully_disagree
285101,2018_be_municipal_be_9190,candidate,be_politician_8711,question_97,fully_disagree
225134,2018_be_municipal_be_9190,candidate,be_politician_8711,question_4,fully_disagree
225135,2018_be_municipal_be_9190,candidate,be_politician_8711,question_20,fully_disagree
225136,2018_be_municipal_be_9190,candidate,be_politician_8711,question_21,fully_disagree
225137,2018_be_municipal_be_9190,candidate,be_politician_8711,question_31,fully_disagree
225138,2018_be_municipal_be_9190,candidate,be_politician_8711,question_48,fully_disagree
225139,2018_be_municipal_be_9190,candidate,be_politician_8711,question_84,fully_disagree
246189,2018_be_municipal_be_9190,candidate,be_politician_8711,question_58,fully_disagree
246190,2018_be_municipal_be_9190,candidate,be_politician_8711,question_85,fully_disagree
246191,2018_be_municipal_be_9190,candidate,be_politician_8711,question_86,fully_disagree
246192,2018_be_municipal_be_9190,candidate,be_politician_8711,question_87,fully_disagree
246193,2018_be_municipal_be_9190,candidate,be_politician_8711,question_88,fully_disagree
246194,2018_be_municipal_be_9190,candidate,be_politician_8711,question_89,fully_disagree
246195,2018_be_municipal_be_9190,candidate,be_politician_8711,question_90,fully_disagree
246196,2018_be_municipal_be_9190,candidate,be_politician_8711,question_91,fully_disagree
285096,2018_be_municipal_be_9190,candidate,be_politician_8711,question_71,fully_disagree
285097,2018_be_municipal_be_9190,candidate,be_politician_8711,question_93,fully_disagree
285098,2018_be_municipal_be_9190,candidate,be_politician_8711,question_94,fully_disagree
285099,2018_be_municipal_be_9190,candidate,be_politician_8711,question_95,fully_disagree
285100,2018_be_municipal_be_9190,candidate,be_politician_8711,question_96,fully_disagree
285101,2018_be_municipal_be_9190,candidate,be_politician_8711,question_97,fully_disagree
304166,2018_be_municipal_be_,candidate,be_politician_5521,question_46,no_opinion
304165,2018_be_municipal_be_,candidate,be_politician_5521,question_38,fully_agree
304164,2018_be_municipal_be_,candidate,be_politician_5521,question_31,disagree
304163,2018_be_municipal_be_,candidate,be_politician_5521,question_23,no_opinion
304162,2018_be_municipal_be_,candidate,be_politician_5521,question_20,agree
304161,2018_be_municipal_be_,candidate,be_politician_5521,question_21,no_opinion
304160,2018_be_municipal_be_,candidate,be_politician_5521,question_22,disagree
304159,2018_be_municipal_be_2000,candidate,be_politician_1243,question_22,fully_agree
304158,NULL,candidate,be_politician_10301,question_127,disagree
304157,NULL,candidate,be_politician_10301,question_125,disagree
304156,NULL,candidate,be_politician_10301,question_123,agree
304155,NULL,candidate,be_politician_10301,question_121,agree
304154,NULL,candidate,be_politician_10301,question_120,no_opinion
304153,NULL,candidate,be_politician_10301,question_119,disagree
304152,NULL,candidate,be_politician_10301,question_118,disagree
304151,NULL,candidate,be_politician_10301,question_114,no_opinion
304150,NULL,candidate,be_politician_10301,question_113,disagree
304149,NULL,candidate,be_politician_10301,question_112,no_opinion
304148,NULL,candidate,be_politician_10301,question_111,no_opinion
304147,NULL,candidate,be_politician_10301,question_110,disagree
304146,NULL,candidate,be_politician_10301,question_109,no_opinion
304145,NULL,candidate,be_politician_10301,question_108,disagree
304144,NULL,candidate,be_politician_10301,question_107,no_opinion
304143,NULL,candidate,be_politician_10301,question_105,disagree
304142,NULL,candidate,be_politician_10301,question_102,no_opinion
304141,NULL,candidate,be_politician_10301,question_100,disagree
304140,NULL,candidate,be_politician_10301,question_99,disagree
76315,2018_be_municipal_be_,candidate,be_politician_1297,question_56,no_opinion
76307,2018_be_municipal_be_,candidate,be_politician_1297,question_43,disagree
76297,2018_be_municipal_be_,candidate,be_politician_1297,question_22,disagree
76295,2018_be_municipal_be_,candidate,be_politician_1297,question_15,no_opinion
76294,2018_be_municipal_be_,candidate,be_politician_1297,question_12,disagree
76292,2018_be_municipal_be_,candidate,be_politician_1297,question_9,no_opinion
76291,2018_be_municipal_be_,candidate,be_politician_1297,question_7,fully_agree
76289,2018_be_municipal_be_,candidate,be_politician_1297,question_5,disagree
304139,NULL,candidate,be_politician_10301,question_98,no_opinion
304138,NULL,candidate,be_politician_10301,question_93,no_opinion
304137,NULL,candidate,be_politician_10301,question_90,no_opinion
304136,2018_be_municipal_be_,candidate,be_politician_2920,question_20,agree
304135,NULL,candidate,be_politician_10301,question_89,agree
304134,NULL,candidate,be_politician_10301,question_88,no_opinion
304133,NULL,candidate,be_politician_10301,question_58,disagree
304132,2018_be_municipal_be_,candidate,be_politician_2920,question_22,disagree
304131,2018_be_municipal_be_,candidate,be_politician_2920,question_4,no_opinion
304130,NULL,candidate,be_politician_10301,question_49,no_opinion
304129,2018_be_municipal_be_,candidate,be_politician_2920,question_21,disagree
304128,NULL,candidate,be_politician_10301,question_46,disagree
304127,NULL,candidate,be_politician_10301,question_38,no_opinion
304126,NULL,candidate,be_politician_10301,question_31,disagree
304125,NULL,candidate,be_politician_10301,question_23,agree
304124,NULL,candidate,be_politician_10301,question_22,disagree
304123,NULL,candidate,be_politician_10301,question_21,fully_agree
304122,2018_be_municipal_be_/,candidate,be_politician_10638,question_99,disagree
304121,2018_be_municipal_be_/,candidate,be_politician_10638,question_98,no_opinion
304120,2018_be_municipal_be_/,candidate,be_politician_10638,question_100,agree
304119,NULL,candidate,be_politician_10301,question_20,agree
304118,2018_be_municipal_be_/,candidate,be_politician_10638,question_102,disagree
304117,2018_be_municipal_be_/,candidate,be_politician_10638,question_105,disagree
304116,2018_be_municipal_be_/,candidate,be_politician_10638,question_93,fully_agree
304115,2018_be_municipal_be_/,candidate,be_politician_10638,question_90,disagree
304114,NULL,candidate,be_politician_10301,question_4,no_opinion
304113,2018_be_municipal_be_/,candidate,be_politician_10638,question_107,agree
304112,2018_be_municipal_be_/,candidate,be_politician_10638,question_108,disagree
304111,2018_be_municipal_be_/,candidate,be_politician_10638,question_109,no_opinion
304110,2018_be_municipal_be_/,candidate,be_politician_10638,question_110,disagree
304109,2018_be_municipal_be_/,candidate,be_politician_10638,question_111,disagree
304108,2018_be_municipal_be_/,candidate,be_politician_10638,question_112,agree
304107,2018_be_municipal_be_/,candidate,be_politician_10638,question_114,fully_agree
304106,2018_be_municipal_be_/,candidate,be_politician_10638,question_118,fully_agree
304105,2018_be_municipal_be_/,candidate,be_politician_10638,question_119,disagree
304104,2018_be_municipal_be_/,candidate,be_politician_10638,question_120,disagree
304103,2018_be_municipal_be_/,candidate,be_politician_10638,question_121,disagree
304102,2018_be_municipal_be_/,candidate,be_politician_10638,question_123,no_opinion
304101,2018_be_municipal_be_/,candidate,be_politician_10638,question_125,no_opinion
304100,2018_be_municipal_be_/,candidate,be_politician_10638,question_127,agree
304099,2018_be_municipal_be_/,candidate,be_politician_10638,question_89,no_opinion
304098,2018_be_municipal_be_/,candidate,be_politician_10638,question_88,no_opinion
304097,NULL,candidate,be_politician_10561,question_120,disagree
304096,NULL,candidate,be_politician_10561,question_119,disagree
304095,NULL,candidate,be_politician_10561,question_118,fully_agree
304094,2018_be_municipal_be_/,candidate,be_politician_10638,question_58,disagree
304093,NULL,candidate,be_politician_10561,question_114,fully_agree
304086,2018_be_municipal_be_/,candidate,be_politician_10638,question_49,agree
304092,NULL,candidate,be_politician_10561,question_113,disagree
304091,NULL,candidate,be_politician_10561,question_112,agree
304090,NULL,candidate,be_politician_10561,question_111,disagree
304089,NULL,candidate,be_politician_10561,question_110,disagree
304088,NULL,candidate,be_politician_10561,question_109,no_opinion
304087,NULL,candidate,be_politician_10561,question_108,disagree
304085,NULL,candidate,be_politician_10561,question_107,fully_agree
304084,2018_be_municipal_be_/,candidate,be_politician_10638,question_46,agree
304083,NULL,candidate,be_politician_10561,question_105,no_opinion
304081,NULL,candidate,be_politician_10561,question_102,disagree
304082,2018_be_municipal_be_/,candidate,be_politician_10638,question_38,disagree
304080,NULL,candidate,be_politician_10561,question_100,disagree
304079,2018_be_municipal_be_/,candidate,be_politician_10638,question_31,no_opinion
304078,NULL,candidate,be_politician_10561,question_99,disagree
304077,2018_be_municipal_be_/,candidate,be_politician_10638,question_23,agree
304076,NULL,candidate,be_politician_10561,question_98,fully_agree
304075,2018_be_municipal_be_/,candidate,be_politician_10638,question_21,disagree
304074,2018_be_municipal_be_/,candidate,be_politician_10638,question_20,agree
304073,2018_be_municipal_be_/,candidate,be_politician_10638,question_4,fully_agree
304072,2018_be_municipal_be_/,candidate,be_politician_10638,question_22,disagree
125898,2018_be_municipal_be_2250,candidate,be_politician_2085,question_69,fully_disagree
125899,2018_be_municipal_be_2250,candidate,be_politician_2085,question_75,fully_disagree
178887,2018_be_municipal_be_2250,candidate,be_politician_2085,question_55,disagree
196972,2018_be_municipal_be_2250,candidate,be_politician_2085,question_48,no_opinion
196973,2018_be_municipal_be_2250,candidate,be_politician_2085,question_5,no_opinion
196974,2018_be_municipal_be_2250,candidate,be_politician_2085,question_13,no_opinion
213729,2018_be_municipal_be_2250,candidate,be_politician_2085,question_8,disagree
213730,2018_be_municipal_be_2250,candidate,be_politician_2085,question_11,no_opinion
213731,2018_be_municipal_be_2250,candidate,be_politician_2085,question_44,no_opinion
213732,2018_be_municipal_be_2250,candidate,be_politician_2085,question_46,no_opinion
213733,2018_be_municipal_be_2250,candidate,be_politician_2085,question_32,no_opinion
213734,2018_be_municipal_be_2250,candidate,be_politician_2085,question_43,no_opinion
213735,2018_be_municipal_be_2250,candidate,be_politician_2085,question_7,no_opinion
213736,2018_be_municipal_be_2250,candidate,be_politician_2085,question_19,disagree
213737,2018_be_municipal_be_2250,candidate,be_politician_2085,question_22,disagree
215125,2018_be_municipal_be_2250,candidate,be_politician_2085,question_84,no_opinion
222800,2018_be_municipal_be_2250,candidate,be_politician_2085,question_20,no_opinion
235867,2018_be_municipal_be_2250,candidate,be_politician_2085,question_85,disagree
235868,2018_be_municipal_be_2250,candidate,be_politician_2085,question_86,fully_disagree
235869,2018_be_municipal_be_2250,candidate,be_politician_2085,question_87,no_opinion
235870,2018_be_municipal_be_2250,candidate,be_politician_2085,question_88,fully_disagree
235871,2018_be_municipal_be_2250,candidate,be_politician_2085,question_89,no_opinion
235872,2018_be_municipal_be_2250,candidate,be_politician_2085,question_90,fully_disagree
235873,2018_be_municipal_be_2250,candidate,be_politician_2085,question_91,no_opinion
282617,2018_be_municipal_be_2250,candidate,be_politician_2085,question_71,fully_disagree
282618,2018_be_municipal_be_2250,candidate,be_politician_2085,question_93,fully_disagree
282619,2018_be_municipal_be_2250,candidate,be_politician_2085,question_94,fully_agree
282620,2018_be_municipal_be_2250,candidate,be_politician_2085,question_95,fully_disagree
282621,2018_be_municipal_be_2250,candidate,be_politician_2085,question_96,agree
282622,2018_be_municipal_be_2250,candidate,be_politician_2085,question_97,fully_agree
125898,2018_be_municipal_be_2250,candidate,be_politician_2085,question_69,fully_disagree
125899,2018_be_municipal_be_2250,candidate,be_politician_2085,question_75,fully_disagree
178887,2018_be_municipal_be_2250,candidate,be_politician_2085,question_55,disagree
196972,2018_be_municipal_be_2250,candidate,be_politician_2085,question_48,no_opinion
196973,2018_be_municipal_be_2250,candidate,be_politician_2085,question_5,no_opinion
196974,2018_be_municipal_be_2250,candidate,be_politician_2085,question_13,no_opinion
213729,2018_be_municipal_be_2250,candidate,be_politician_2085,question_8,disagree
213730,2018_be_municipal_be_2250,candidate,be_politician_2085,question_11,no_opinion
213731,2018_be_municipal_be_2250,candidate,be_politician_2085,question_44,no_opinion
213732,2018_be_municipal_be_2250,candidate,be_politician_2085,question_46,no_opinion
213733,2018_be_municipal_be_2250,candidate,be_politician_2085,question_32,no_opinion
213734,2018_be_municipal_be_2250,candidate,be_politician_2085,question_43,no_opinion
213735,2018_be_municipal_be_2250,candidate,be_politician_2085,question_7,no_opinion
213736,2018_be_municipal_be_2250,candidate,be_politician_2085,question_19,disagree
213737,2018_be_municipal_be_2250,candidate,be_politician_2085,question_22,disagree
215125,2018_be_municipal_be_2250,candidate,be_politician_2085,question_84,no_opinion
222800,2018_be_municipal_be_2250,candidate,be_politician_2085,question_20,no_opinion
235867,2018_be_municipal_be_2250,candidate,be_politician_2085,question_85,disagree
235868,2018_be_municipal_be_2250,candidate,be_politician_2085,question_86,fully_disagree
235869,2018_be_municipal_be_2250,candidate,be_politician_2085,question_87,no_opinion
235870,2018_be_municipal_be_2250,candidate,be_politician_2085,question_88,fully_disagree
235871,2018_be_municipal_be_2250,candidate,be_politician_2085,question_89,no_opinion
235872,2018_be_municipal_be_2250,candidate,be_politician_2085,question_90,fully_disagree
235873,2018_be_municipal_be_2250,candidate,be_politician_2085,question_91,no_opinion
282617,2018_be_municipal_be_2250,candidate,be_politician_2085,question_71,fully_disagree
282618,2018_be_municipal_be_2250,candidate,be_politician_2085,question_93,fully_disagree
282619,2018_be_municipal_be_2250,candidate,be_politician_2085,question_94,fully_agree
282620,2018_be_municipal_be_2250,candidate,be_politician_2085,question_95,fully_disagree
282621,2018_be_municipal_be_2250,candidate,be_politician_2085,question_96,agree
282622,2018_be_municipal_be_2250,candidate,be_politician_2085,question_97,fully_agree
125898,2018_be_municipal_be_2250,candidate,be_politician_2085,question_69,fully_disagree
125899,2018_be_municipal_be_2250,candidate,be_politician_2085,question_75,fully_disagree
178887,2018_be_municipal_be_2250,candidate,be_politician_2085,question_55,disagree
196972,2018_be_municipal_be_2250,candidate,be_politician_2085,question_48,no_opinion
196973,2018_be_municipal_be_2250,candidate,be_politician_2085,question_5,no_opinion
196974,2018_be_municipal_be_2250,candidate,be_politician_2085,question_13,no_opinion
213729,2018_be_municipal_be_2250,candidate,be_politician_2085,question_8,disagree
213730,2018_be_municipal_be_2250,candidate,be_politician_2085,question_11,no_opinion
213731,2018_be_municipal_be_2250,candidate,be_politician_2085,question_44,no_opinion
213732,2018_be_municipal_be_2250,candidate,be_politician_2085,question_46,no_opinion
213733,2018_be_municipal_be_2250,candidate,be_politician_2085,question_32,no_opinion
213734,2018_be_municipal_be_2250,candidate,be_politician_2085,question_43,no_opinion
213735,2018_be_municipal_be_2250,candidate,be_politician_2085,question_7,no_opinion
213736,2018_be_municipal_be_2250,candidate,be_politician_2085,question_19,disagree
213737,2018_be_municipal_be_2250,candidate,be_politician_2085,question_22,disagree
215125,2018_be_municipal_be_2250,candidate,be_politician_2085,question_84,no_opinion
222800,2018_be_municipal_be_2250,candidate,be_politician_2085,question_20,no_opinion
235867,2018_be_municipal_be_2250,candidate,be_politician_2085,question_85,disagree
235868,2018_be_municipal_be_2250,candidate,be_politician_2085,question_86,fully_disagree
235869,2018_be_municipal_be_2250,candidate,be_politician_2085,question_87,no_opinion
235870,2018_be_municipal_be_2250,candidate,be_politician_2085,question_88,fully_disagree
235871,2018_be_municipal_be_2250,candidate,be_politician_2085,question_89,no_opinion
235872,2018_be_municipal_be_2250,candidate,be_politician_2085,question_90,fully_disagree
235873,2018_be_municipal_be_2250,candidate,be_politician_2085,question_91,no_opinion
282617,2018_be_municipal_be_2250,candidate,be_politician_2085,question_71,fully_disagree
282618,2018_be_municipal_be_2250,candidate,be_politician_2085,question_93,fully_disagree
282619,2018_be_municipal_be_2250,candidate,be_politician_2085,question_94,fully_agree
282620,2018_be_municipal_be_2250,candidate,be_politician_2085,question_95,fully_disagree
282621,2018_be_municipal_be_2250,candidate,be_politician_2085,question_96,agree
282622,2018_be_municipal_be_2250,candidate,be_politician_2085,question_97,fully_agree
125898,2018_be_municipal_be_2250,candidate,be_politician_2085,question_69,fully_disagree
125899,2018_be_municipal_be_2250,candidate,be_politician_2085,question_75,fully_disagree
178887,2018_be_municipal_be_2250,candidate,be_politician_2085,question_55,disagree
196972,2018_be_municipal_be_2250,candidate,be_politician_2085,question_48,no_opinion
196973,2018_be_municipal_be_2250,candidate,be_politician_2085,question_5,no_opinion
196974,2018_be_municipal_be_2250,candidate,be_politician_2085,question_13,no_opinion
213729,2018_be_municipal_be_2250,candidate,be_politician_2085,question_8,disagree
213730,2018_be_municipal_be_2250,candidate,be_politician_2085,question_11,no_opinion
213731,2018_be_municipal_be_2250,candidate,be_politician_2085,question_44,no_opinion
213732,2018_be_municipal_be_2250,candidate,be_politician_2085,question_46,no_opinion
213733,2018_be_municipal_be_2250,candidate,be_politician_2085,question_32,no_opinion
213734,2018_be_municipal_be_2250,candidate,be_politician_2085,question_43,no_opinion
213735,2018_be_municipal_be_2250,candidate,be_politician_2085,question_7,no_opinion
213736,2018_be_municipal_be_2250,candidate,be_politician_2085,question_19,disagree
213737,2018_be_municipal_be_2250,candidate,be_politician_2085,question_22,disagree
215125,2018_be_municipal_be_2250,candidate,be_politician_2085,question_84,no_opinion
222800,2018_be_municipal_be_2250,candidate,be_politician_2085,question_20,no_opinion
235867,2018_be_municipal_be_2250,candidate,be_politician_2085,question_85,disagree
235868,2018_be_municipal_be_2250,candidate,be_politician_2085,question_86,fully_disagree
235869,2018_be_municipal_be_2250,candidate,be_politician_2085,question_87,no_opinion
235870,2018_be_municipal_be_2250,candidate,be_politician_2085,question_88,fully_disagree
235871,2018_be_municipal_be_2250,candidate,be_politician_2085,question_89,no_opinion
235872,2018_be_municipal_be_2250,candidate,be_politician_2085,question_90,fully_disagree
235873,2018_be_municipal_be_2250,candidate,be_politician_2085,question_91,no_opinion
282617,2018_be_municipal_be_2250,candidate,be_politician_2085,question_71,fully_disagree
282618,2018_be_municipal_be_2250,candidate,be_politician_2085,question_93,fully_disagree
282619,2018_be_municipal_be_2250,candidate,be_politician_2085,question_94,fully_agree
282620,2018_be_municipal_be_2250,candidate,be_politician_2085,question_95,fully_disagree
282621,2018_be_municipal_be_2250,candidate,be_politician_2085,question_96,agree
282622,2018_be_municipal_be_2250,candidate,be_politician_2085,question_97,fully_agree
125898,2018_be_municipal_be_2250,candidate,be_politician_2085,question_69,fully_disagree
125899,2018_be_municipal_be_2250,candidate,be_politician_2085,question_75,fully_disagree
178887,2018_be_municipal_be_2250,candidate,be_politician_2085,question_55,disagree
196972,2018_be_municipal_be_2250,candidate,be_politician_2085,question_48,no_opinion
196973,2018_be_municipal_be_2250,candidate,be_politician_2085,question_5,no_opinion
196974,2018_be_municipal_be_2250,candidate,be_politician_2085,question_13,no_opinion
213729,2018_be_municipal_be_2250,candidate,be_politician_2085,question_8,disagree
213730,2018_be_municipal_be_2250,candidate,be_politician_2085,question_11,no_opinion
213731,2018_be_municipal_be_2250,candidate,be_politician_2085,question_44,no_opinion
213732,2018_be_municipal_be_2250,candidate,be_politician_2085,question_46,no_opinion
213733,2018_be_municipal_be_2250,candidate,be_politician_2085,question_32,no_opinion
213734,2018_be_municipal_be_2250,candidate,be_politician_2085,question_43,no_opinion
213735,2018_be_municipal_be_2250,candidate,be_politician_2085,question_7,no_opinion
213736,2018_be_municipal_be_2250,candidate,be_politician_2085,question_19,disagree
213737,2018_be_municipal_be_2250,candidate,be_politician_2085,question_22,disagree
215125,2018_be_municipal_be_2250,candidate,be_politician_2085,question_84,no_opinion
222800,2018_be_municipal_be_2250,candidate,be_politician_2085,question_20,no_opinion
235867,2018_be_municipal_be_2250,candidate,be_politician_2085,question_85,disagree
235868,2018_be_municipal_be_2250,candidate,be_politician_2085,question_86,fully_disagree
235869,2018_be_municipal_be_2250,candidate,be_politician_2085,question_87,no_opinion
235870,2018_be_municipal_be_2250,candidate,be_politician_2085,question_88,fully_disagree
235871,2018_be_municipal_be_2250,candidate,be_politician_2085,question_89,no_opinion
235872,2018_be_municipal_be_2250,candidate,be_politician_2085,question_90,fully_disagree
235873,2018_be_municipal_be_2250,candidate,be_politician_2085,question_91,no_opinion
282617,2018_be_municipal_be_2250,candidate,be_politician_2085,question_71,fully_disagree
282618,2018_be_municipal_be_2250,candidate,be_politician_2085,question_93,fully_disagree
282619,2018_be_municipal_be_2250,candidate,be_politician_2085,question_94,fully_agree
282620,2018_be_municipal_be_2250,candidate,be_politician_2085,question_95,fully_disagree
282621,2018_be_municipal_be_2250,candidate,be_politician_2085,question_96,agree
282622,2018_be_municipal_be_2250,candidate,be_politician_2085,question_97,fully_agree
125898,2018_be_municipal_be_2250,candidate,be_politician_2085,question_69,fully_disagree
125899,2018_be_municipal_be_2250,candidate,be_politician_2085,question_75,fully_disagree
178887,2018_be_municipal_be_2250,candidate,be_politician_2085,question_55,disagree
196972,2018_be_municipal_be_2250,candidate,be_politician_2085,question_48,no_opinion
196973,2018_be_municipal_be_2250,candidate,be_politician_2085,question_5,no_opinion
196974,2018_be_municipal_be_2250,candidate,be_politician_2085,question_13,no_opinion
213729,2018_be_municipal_be_2250,candidate,be_politician_2085,question_8,disagree
213730,2018_be_municipal_be_2250,candidate,be_politician_2085,question_11,no_opinion
213731,2018_be_municipal_be_2250,candidate,be_politician_2085,question_44,no_opinion
213732,2018_be_municipal_be_2250,candidate,be_politician_2085,question_46,no_opinion
213733,2018_be_municipal_be_2250,candidate,be_politician_2085,question_32,no_opinion
213734,2018_be_municipal_be_2250,candidate,be_politician_2085,question_43,no_opinion
213735,2018_be_municipal_be_2250,candidate,be_politician_2085,question_7,no_opinion
213736,2018_be_municipal_be_2250,candidate,be_politician_2085,question_19,disagree
213737,2018_be_municipal_be_2250,candidate,be_politician_2085,question_22,disagree
215125,2018_be_municipal_be_2250,candidate,be_politician_2085,question_84,no_opinion
222800,2018_be_municipal_be_2250,candidate,be_politician_2085,question_20,no_opinion
235867,2018_be_municipal_be_2250,candidate,be_politician_2085,question_85,disagree
235868,2018_be_municipal_be_2250,candidate,be_politician_2085,question_86,fully_disagree
235869,2018_be_municipal_be_2250,candidate,be_politician_2085,question_87,no_opinion
235870,2018_be_municipal_be_2250,candidate,be_politician_2085,question_88,fully_disagree
235871,2018_be_municipal_be_2250,candidate,be_politician_2085,question_89,no_opinion
235872,2018_be_municipal_be_2250,candidate,be_politician_2085,question_90,fully_disagree
235873,2018_be_municipal_be_2250,candidate,be_politician_2085,question_91,no_opinion
282617,2018_be_municipal_be_2250,candidate,be_politician_2085,question_71,fully_disagree
282618,2018_be_municipal_be_2250,candidate,be_politician_2085,question_93,fully_disagree
282619,2018_be_municipal_be_2250,candidate,be_politician_2085,question_94,fully_agree
282620,2018_be_municipal_be_2250,candidate,be_politician_2085,question_95,fully_disagree
282621,2018_be_municipal_be_2250,candidate,be_politician_2085,question_96,agree
282622,2018_be_municipal_be_2250,candidate,be_politician_2085,question_97,fully_agree
125898,2018_be_municipal_be_2250,candidate,be_politician_2085,question_69,fully_disagree
125899,2018_be_municipal_be_2250,candidate,be_politician_2085,question_75,fully_disagree
178887,2018_be_municipal_be_2250,candidate,be_politician_2085,question_55,disagree
196972,2018_be_municipal_be_2250,candidate,be_politician_2085,question_48,no_opinion
196973,2018_be_municipal_be_2250,candidate,be_politician_2085,question_5,no_opinion
196974,2018_be_municipal_be_2250,candidate,be_politician_2085,question_13,no_opinion
213729,2018_be_municipal_be_2250,candidate,be_politician_2085,question_8,disagree
213730,2018_be_municipal_be_2250,candidate,be_politician_2085,question_11,no_opinion
213731,2018_be_municipal_be_2250,candidate,be_politician_2085,question_44,no_opinion
213732,2018_be_municipal_be_2250,candidate,be_politician_2085,question_46,no_opinion
213733,2018_be_municipal_be_2250,candidate,be_politician_2085,question_32,no_opinion
213734,2018_be_municipal_be_2250,candidate,be_politician_2085,question_43,no_opinion
213735,2018_be_municipal_be_2250,candidate,be_politician_2085,question_7,no_opinion
213736,2018_be_municipal_be_2250,candidate,be_politician_2085,question_19,disagree
213737,2018_be_municipal_be_2250,candidate,be_politician_2085,question_22,disagree
215125,2018_be_municipal_be_2250,candidate,be_politician_2085,question_84,no_opinion
222800,2018_be_municipal_be_2250,candidate,be_politician_2085,question_20,no_opinion
235867,2018_be_municipal_be_2250,candidate,be_politician_2085,question_85,disagree
235868,2018_be_municipal_be_2250,candidate,be_politician_2085,question_86,fully_disagree
235869,2018_be_municipal_be_2250,candidate,be_politician_2085,question_87,no_opinion
235870,2018_be_municipal_be_2250,candidate,be_politician_2085,question_88,fully_disagree
235871,2018_be_municipal_be_2250,candidate,be_politician_2085,question_89,no_opinion
235872,2018_be_municipal_be_2250,candidate,be_politician_2085,question_90,fully_disagree
235873,2018_be_municipal_be_2250,candidate,be_politician_2085,question_91,no_opinion
282617,2018_be_municipal_be_2250,candidate,be_politician_2085,question_71,fully_disagree
282618,2018_be_municipal_be_2250,candidate,be_politician_2085,question_93,fully_disagree
282619,2018_be_municipal_be_2250,candidate,be_politician_2085,question_94,fully_agree
282620,2018_be_municipal_be_2250,candidate,be_politician_2085,question_95,fully_disagree
282621,2018_be_municipal_be_2250,candidate,be_politician_2085,question_96,agree
282622,2018_be_municipal_be_2250,candidate,be_politician_2085,question_97,fully_agree
125898,2018_be_municipal_be_2250,candidate,be_politician_2085,question_69,fully_disagree
125899,2018_be_municipal_be_2250,candidate,be_politician_2085,question_75,fully_disagree
178887,2018_be_municipal_be_2250,candidate,be_politician_2085,question_55,disagree
196972,2018_be_municipal_be_2250,candidate,be_politician_2085,question_48,no_opinion
196973,2018_be_municipal_be_2250,candidate,be_politician_2085,question_5,no_opinion
196974,2018_be_municipal_be_2250,candidate,be_politician_2085,question_13,no_opinion
213729,2018_be_municipal_be_2250,candidate,be_politician_2085,question_8,disagree
213730,2018_be_municipal_be_2250,candidate,be_politician_2085,question_11,no_opinion
213731,2018_be_municipal_be_2250,candidate,be_politician_2085,question_44,no_opinion
213732,2018_be_municipal_be_2250,candidate,be_politician_2085,question_46,no_opinion
213733,2018_be_municipal_be_2250,candidate,be_politician_2085,question_32,no_opinion
213734,2018_be_municipal_be_2250,candidate,be_politician_2085,question_43,no_opinion
213735,2018_be_municipal_be_2250,candidate,be_politician_2085,question_7,no_opinion
213736,2018_be_municipal_be_2250,candidate,be_politician_2085,question_19,disagree
213737,2018_be_municipal_be_2250,candidate,be_politician_2085,question_22,disagree
215125,2018_be_municipal_be_2250,candidate,be_politician_2085,question_84,no_opinion
222800,2018_be_municipal_be_2250,candidate,be_politician_2085,question_20,no_opinion
235867,2018_be_municipal_be_2250,candidate,be_politician_2085,question_85,disagree
235868,2018_be_municipal_be_2250,candidate,be_politician_2085,question_86,fully_disagree
235869,2018_be_municipal_be_2250,candidate,be_politician_2085,question_87,no_opinion
235870,2018_be_municipal_be_2250,candidate,be_politician_2085,question_88,fully_disagree
235871,2018_be_municipal_be_2250,candidate,be_politician_2085,question_89,no_opinion
235872,2018_be_municipal_be_2250,candidate,be_politician_2085,question_90,fully_disagree
235873,2018_be_municipal_be_2250,candidate,be_politician_2085,question_91,no_opinion
282617,2018_be_municipal_be_2250,candidate,be_politician_2085,question_71,fully_disagree
282618,2018_be_municipal_be_2250,candidate,be_politician_2085,question_93,fully_disagree
282619,2018_be_municipal_be_2250,candidate,be_politician_2085,question_94,fully_agree
282620,2018_be_municipal_be_2250,candidate,be_politician_2085,question_95,fully_disagree
282621,2018_be_municipal_be_2250,candidate,be_politician_2085,question_96,agree
282622,2018_be_municipal_be_2250,candidate,be_politician_2085,question_97,fully_agree
125898,2018_be_municipal_be_2250,candidate,be_politician_2085,question_69,fully_disagree
125899,2018_be_municipal_be_2250,candidate,be_politician_2085,question_75,fully_disagree
178887,2018_be_municipal_be_2250,candidate,be_politician_2085,question_55,disagree
196972,2018_be_municipal_be_2250,candidate,be_politician_2085,question_48,no_opinion
196973,2018_be_municipal_be_2250,candidate,be_politician_2085,question_5,no_opinion
196974,2018_be_municipal_be_2250,candidate,be_politician_2085,question_13,no_opinion
213729,2018_be_municipal_be_2250,candidate,be_politician_2085,question_8,disagree
213730,2018_be_municipal_be_2250,candidate,be_politician_2085,question_11,no_opinion
213731,2018_be_municipal_be_2250,candidate,be_politician_2085,question_44,no_opinion
213732,2018_be_municipal_be_2250,candidate,be_politician_2085,question_46,no_opinion
213733,2018_be_municipal_be_2250,candidate,be_politician_2085,question_32,no_opinion
213734,2018_be_municipal_be_2250,candidate,be_politician_2085,question_43,no_opinion
213735,2018_be_municipal_be_2250,candidate,be_politician_2085,question_7,no_opinion
213736,2018_be_municipal_be_2250,candidate,be_politician_2085,question_19,disagree
213737,2018_be_municipal_be_2250,candidate,be_politician_2085,question_22,disagree
215125,2018_be_municipal_be_2250,candidate,be_politician_2085,question_84,no_opinion
222800,2018_be_municipal_be_2250,candidate,be_politician_2085,question_20,no_opinion
235867,2018_be_municipal_be_2250,candidate,be_politician_2085,question_85,disagree
235868,2018_be_municipal_be_2250,candidate,be_politician_2085,question_86,fully_disagree
235869,2018_be_municipal_be_2250,candidate,be_politician_2085,question_87,no_opinion
235870,2018_be_municipal_be_2250,candidate,be_politician_2085,question_88,fully_disagree
235871,2018_be_municipal_be_2250,candidate,be_politician_2085,question_89,no_opinion
235872,2018_be_municipal_be_2250,candidate,be_politician_2085,question_90,fully_disagree
235873,2018_be_municipal_be_2250,candidate,be_politician_2085,question_91,no_opinion
282617,2018_be_municipal_be_2250,candidate,be_politician_2085,question_71,fully_disagree
282618,2018_be_municipal_be_2250,candidate,be_politician_2085,question_93,fully_disagree
282619,2018_be_municipal_be_2250,candidate,be_politician_2085,question_94,fully_agree
282620,2018_be_municipal_be_2250,candidate,be_politician_2085,question_95,fully_disagree
282621,2018_be_municipal_be_2250,candidate,be_politician_2085,question_96,agree
282622,2018_be_municipal_be_2250,candidate,be_politician_2085,question_97,fully_agree
125898,2018_be_municipal_be_2250,candidate,be_politician_2085,question_69,fully_disagree
125899,2018_be_municipal_be_2250,candidate,be_politician_2085,question_75,fully_disagree
178887,2018_be_municipal_be_2250,candidate,be_politician_2085,question_55,disagree
196972,2018_be_municipal_be_2250,candidate,be_politician_2085,question_48,no_opinion
196973,2018_be_municipal_be_2250,candidate,be_politician_2085,question_5,no_opinion
196974,2018_be_municipal_be_2250,candidate,be_politician_2085,question_13,no_opinion
213729,2018_be_municipal_be_2250,candidate,be_politician_2085,question_8,disagree
213730,2018_be_municipal_be_2250,candidate,be_politician_2085,question_11,no_opinion
213731,2018_be_municipal_be_2250,candidate,be_politician_2085,question_44,no_opinion
213732,2018_be_municipal_be_2250,candidate,be_politician_2085,question_46,no_opinion
213733,2018_be_municipal_be_2250,candidate,be_politician_2085,question_32,no_opinion
213734,2018_be_municipal_be_2250,candidate,be_politician_2085,question_43,no_opinion
213735,2018_be_municipal_be_2250,candidate,be_politician_2085,question_7,no_opinion
213736,2018_be_municipal_be_2250,candidate,be_politician_2085,question_19,disagree
213737,2018_be_municipal_be_2250,candidate,be_politician_2085,question_22,disagree
215125,2018_be_municipal_be_2250,candidate,be_politician_2085,question_84,no_opinion
222800,2018_be_municipal_be_2250,candidate,be_politician_2085,question_20,no_opinion
235867,2018_be_municipal_be_2250,candidate,be_politician_2085,question_85,disagree
235868,2018_be_municipal_be_2250,candidate,be_politician_2085,question_86,fully_disagree
235869,2018_be_municipal_be_2250,candidate,be_politician_2085,question_87,no_opinion
235870,2018_be_municipal_be_2250,candidate,be_politician_2085,question_88,fully_disagree
235871,2018_be_municipal_be_2250,candidate,be_politician_2085,question_89,no_opinion
235872,2018_be_municipal_be_2250,candidate,be_politician_2085,question_90,fully_disagree
235873,2018_be_municipal_be_2250,candidate,be_politician_2085,question_91,no_opinion
282617,2018_be_municipal_be_2250,candidate,be_politician_2085,question_71,fully_disagree
282618,2018_be_municipal_be_2250,candidate,be_politician_2085,question_93,fully_disagree
282619,2018_be_municipal_be_2250,candidate,be_politician_2085,question_94,fully_agree
282620,2018_be_municipal_be_2250,candidate,be_politician_2085,question_95,fully_disagree
282621,2018_be_municipal_be_2250,candidate,be_politician_2085,question_96,agree
282622,2018_be_municipal_be_2250,candidate,be_politician_2085,question_97,fully_agree
304071,2018_be_municipal_be_,candidate,be_politician_2267,question_4,fully_agree
304070,2018_be_municipal_be_,candidate,be_politician_3420,question_127,no_opinion
304069,2018_be_municipal_be_,candidate,be_politician_3420,question_125,fully_agree
304068,2018_be_municipal_be_,candidate,be_politician_3420,question_123,no_opinion
103208,2018_be_municipal_be_,candidate,be_politician_4111,question_14,no_opinion
304067,2018_be_municipal_be_,candidate,be_politician_3420,question_121,disagree
304066,2018_be_municipal_be_,candidate,be_politician_3420,question_120,agree
304065,2018_be_municipal_be_,candidate,be_politician_3420,question_119,no_opinion
304064,2018_be_municipal_be_,candidate,be_politician_4111,question_101,disagree
304063,2018_be_municipal_be_,candidate,be_politician_3420,question_118,fully_agree
304062,2018_be_municipal_be_,candidate,be_politician_4111,question_100,disagree
304061,2018_be_municipal_be_,candidate,be_politician_4111,question_97,disagree
304060,2018_be_municipal_be_,candidate,be_politician_3420,question_114,no_opinion
304059,2018_be_municipal_be_,candidate,be_politician_4111,question_96,no_opinion
304058,2018_be_municipal_be_,candidate,be_politician_4111,question_95,disagree
304057,2018_be_municipal_be_,candidate,be_politician_4111,question_93,fully_agree
304056,2018_be_municipal_be_,candidate,be_politician_3420,question_113,disagree
304055,2018_be_municipal_be_,candidate,be_politician_3420,question_112,no_opinion
304054,2018_be_municipal_be_,candidate,be_politician_4111,question_4,fully_agree
304053,2018_be_municipal_be_,candidate,be_politician_3420,question_111,disagree
304051,2018_be_municipal_be_,candidate,be_politician_3420,question_110,no_opinion
304052,2018_be_municipal_be_,candidate,be_politician_4111,question_23,fully_agree
304050,2018_be_municipal_be_,candidate,be_politician_4111,question_88,no_opinion
304049,2018_be_municipal_be_,candidate,be_politician_3420,question_109,disagree
304048,2018_be_municipal_be_,candidate,be_politician_4111,question_84,no_opinion
304047,2018_be_municipal_be_,candidate,be_politician_4111,question_31,disagree
304046,2018_be_municipal_be_,candidate,be_politician_3420,question_108,disagree
304045,2018_be_municipal_be_,candidate,be_politician_3420,question_107,fully_agree
304044,2018_be_municipal_be_3620,candidate,be_politician_560,question_127,no_opinion
304044,2018_be_municipal_be_3620,candidate,be_politician_560,question_127,no_opinion
304044,2018_be_municipal_be_3620,candidate,be_politician_560,question_127,no_opinion
304044,2018_be_municipal_be_3620,candidate,be_politician_560,question_127,no_opinion
304044,2018_be_municipal_be_3620,candidate,be_politician_560,question_127,no_opinion
304043,2018_be_municipal_be_3620,candidate,be_politician_560,question_125,no_opinion
304043,2018_be_municipal_be_3620,candidate,be_politician_560,question_125,no_opinion
304043,2018_be_municipal_be_3620,candidate,be_politician_560,question_125,no_opinion
304043,2018_be_municipal_be_3620,candidate,be_politician_560,question_125,no_opinion
304043,2018_be_municipal_be_3620,candidate,be_politician_560,question_125,no_opinion
304042,2018_be_municipal_be_3620,candidate,be_politician_560,question_123,agree
304042,2018_be_municipal_be_3620,candidate,be_politician_560,question_123,agree
304042,2018_be_municipal_be_3620,candidate,be_politician_560,question_123,agree
304042,2018_be_municipal_be_3620,candidate,be_politician_560,question_123,agree
304042,2018_be_municipal_be_3620,candidate,be_politician_560,question_123,agree
304041,2018_be_municipal_be_3620,candidate,be_politician_560,question_121,no_opinion
304041,2018_be_municipal_be_3620,candidate,be_politician_560,question_121,no_opinion
304041,2018_be_municipal_be_3620,candidate,be_politician_560,question_121,no_opinion
304041,2018_be_municipal_be_3620,candidate,be_politician_560,question_121,no_opinion
304041,2018_be_municipal_be_3620,candidate,be_politician_560,question_121,no_opinion
304040,2018_be_municipal_be_3620,candidate,be_politician_560,question_120,no_opinion
304040,2018_be_municipal_be_3620,candidate,be_politician_560,question_120,no_opinion
304040,2018_be_municipal_be_3620,candidate,be_politician_560,question_120,no_opinion
304040,2018_be_municipal_be_3620,candidate,be_politician_560,question_120,no_opinion
304040,2018_be_municipal_be_3620,candidate,be_politician_560,question_120,no_opinion
304039,2018_be_municipal_be_3620,candidate,be_politician_560,question_119,no_opinion
304039,2018_be_municipal_be_3620,candidate,be_politician_560,question_119,no_opinion
304039,2018_be_municipal_be_3620,candidate,be_politician_560,question_119,no_opinion
304039,2018_be_municipal_be_3620,candidate,be_politician_560,question_119,no_opinion
304039,2018_be_municipal_be_3620,candidate,be_politician_560,question_119,no_opinion
304038,2018_be_municipal_be_3620,candidate,be_politician_560,question_118,fully_agree
304038,2018_be_municipal_be_3620,candidate,be_politician_560,question_118,fully_agree
304038,2018_be_municipal_be_3620,candidate,be_politician_560,question_118,fully_agree
304038,2018_be_municipal_be_3620,candidate,be_politician_560,question_118,fully_agree
304038,2018_be_municipal_be_3620,candidate,be_politician_560,question_118,fully_agree
304037,2018_be_municipal_be_3620,candidate,be_politician_560,question_114,no_opinion
304037,2018_be_municipal_be_3620,candidate,be_politician_560,question_114,no_opinion
304037,2018_be_municipal_be_3620,candidate,be_politician_560,question_114,no_opinion
304037,2018_be_municipal_be_3620,candidate,be_politician_560,question_114,no_opinion
304037,2018_be_municipal_be_3620,candidate,be_politician_560,question_114,no_opinion
304036,2018_be_municipal_be_3620,candidate,be_politician_560,question_113,no_opinion
304036,2018_be_municipal_be_3620,candidate,be_politician_560,question_113,no_opinion
304036,2018_be_municipal_be_3620,candidate,be_politician_560,question_113,no_opinion
304036,2018_be_municipal_be_3620,candidate,be_politician_560,question_113,no_opinion
304036,2018_be_municipal_be_3620,candidate,be_politician_560,question_113,no_opinion
304035,2018_be_municipal_be_3620,candidate,be_politician_560,question_112,agree
304035,2018_be_municipal_be_3620,candidate,be_politician_560,question_112,agree
304035,2018_be_municipal_be_3620,candidate,be_politician_560,question_112,agree
304035,2018_be_municipal_be_3620,candidate,be_politician_560,question_112,agree
304035,2018_be_municipal_be_3620,candidate,be_politician_560,question_112,agree
304034,2018_be_municipal_be_3620,candidate,be_politician_560,question_111,no_opinion
304034,2018_be_municipal_be_3620,candidate,be_politician_560,question_111,no_opinion
304034,2018_be_municipal_be_3620,candidate,be_politician_560,question_111,no_opinion
304034,2018_be_municipal_be_3620,candidate,be_politician_560,question_111,no_opinion
304034,2018_be_municipal_be_3620,candidate,be_politician_560,question_111,no_opinion
304033,2018_be_municipal_be_3620,candidate,be_politician_560,question_110,agree
304033,2018_be_municipal_be_3620,candidate,be_politician_560,question_110,agree
304033,2018_be_municipal_be_3620,candidate,be_politician_560,question_110,agree
304033,2018_be_municipal_be_3620,candidate,be_politician_560,question_110,agree
304033,2018_be_municipal_be_3620,candidate,be_politician_560,question_110,agree
304032,2018_be_municipal_be_3620,candidate,be_politician_560,question_109,agree
304032,2018_be_municipal_be_3620,candidate,be_politician_560,question_109,agree
304032,2018_be_municipal_be_3620,candidate,be_politician_560,question_109,agree
304032,2018_be_municipal_be_3620,candidate,be_politician_560,question_109,agree
304032,2018_be_municipal_be_3620,candidate,be_politician_560,question_109,agree
304031,2018_be_municipal_be_3620,candidate,be_politician_560,question_108,no_opinion
304031,2018_be_municipal_be_3620,candidate,be_politician_560,question_108,no_opinion
304031,2018_be_municipal_be_3620,candidate,be_politician_560,question_108,no_opinion
304031,2018_be_municipal_be_3620,candidate,be_politician_560,question_108,no_opinion
304031,2018_be_municipal_be_3620,candidate,be_politician_560,question_108,no_opinion
304030,2018_be_municipal_be_3620,candidate,be_politician_560,question_107,fully_agree
304030,2018_be_municipal_be_3620,candidate,be_politician_560,question_107,fully_agree
304030,2018_be_municipal_be_3620,candidate,be_politician_560,question_107,fully_agree
304030,2018_be_municipal_be_3620,candidate,be_politician_560,question_107,fully_agree
304030,2018_be_municipal_be_3620,candidate,be_politician_560,question_107,fully_agree
304029,2018_be_municipal_be_3620,candidate,be_politician_560,question_105,disagree
304029,2018_be_municipal_be_3620,candidate,be_politician_560,question_105,disagree
304029,2018_be_municipal_be_3620,candidate,be_politician_560,question_105,disagree
304029,2018_be_municipal_be_3620,candidate,be_politician_560,question_105,disagree
304029,2018_be_municipal_be_3620,candidate,be_politician_560,question_105,disagree
304028,2018_be_municipal_be_3620,candidate,be_politician_560,question_102,no_opinion
304028,2018_be_municipal_be_3620,candidate,be_politician_560,question_102,no_opinion
304028,2018_be_municipal_be_3620,candidate,be_politician_560,question_102,no_opinion
304028,2018_be_municipal_be_3620,candidate,be_politician_560,question_102,no_opinion
304028,2018_be_municipal_be_3620,candidate,be_politician_560,question_102,no_opinion
304027,2018_be_municipal_be_,candidate,be_politician_3420,question_105,fully_agree
304026,2018_be_municipal_be_1730,candidate,be_politician_9452,question_127,disagree
304025,2018_be_municipal_be_,candidate,be_politician_3420,question_102,disagree
304024,2018_be_municipal_be_3620,candidate,be_politician_560,question_100,no_opinion
304024,2018_be_municipal_be_3620,candidate,be_politician_560,question_100,no_opinion
304024,2018_be_municipal_be_3620,candidate,be_politician_560,question_100,no_opinion
304024,2018_be_municipal_be_3620,candidate,be_politician_560,question_100,no_opinion
304024,2018_be_municipal_be_3620,candidate,be_politician_560,question_100,no_opinion
304023,2018_be_municipal_be_3620,candidate,be_politician_560,question_99,fully_agree
304023,2018_be_municipal_be_3620,candidate,be_politician_560,question_99,fully_agree
304023,2018_be_municipal_be_3620,candidate,be_politician_560,question_99,fully_agree
304023,2018_be_municipal_be_3620,candidate,be_politician_560,question_99,fully_agree
304023,2018_be_municipal_be_3620,candidate,be_politician_560,question_99,fully_agree
304022,2018_be_municipal_be_,candidate,be_politician_3420,question_100,no_opinion
304021,2018_be_municipal_be_1730,candidate,be_politician_9452,question_125,no_opinion
304020,2018_be_municipal_be_3620,candidate,be_politician_560,question_98,no_opinion
304020,2018_be_municipal_be_3620,candidate,be_politician_560,question_98,no_opinion
304020,2018_be_municipal_be_3620,candidate,be_politician_560,question_98,no_opinion
304020,2018_be_municipal_be_3620,candidate,be_politician_560,question_98,no_opinion
304020,2018_be_municipal_be_3620,candidate,be_politician_560,question_98,no_opinion
304019,2018_be_municipal_be_,candidate,be_politician_3420,question_99,disagree
304018,2018_be_municipal_be_,candidate,be_politician_3420,question_98,no_opinion
304017,2018_be_municipal_be_,candidate,be_politician_3420,question_93,no_opinion
304016,2018_be_municipal_be_,candidate,be_politician_3420,question_90,disagree
304015,2018_be_municipal_be_1730,candidate,be_politician_9452,question_123,disagree
304014,2018_be_municipal_be_,candidate,be_politician_3420,question_89,no_opinion
304013,2018_be_municipal_be_1730,candidate,be_politician_9452,question_121,disagree
304012,2018_be_municipal_be_,candidate,be_politician_3420,question_88,no_opinion
304011,2018_be_municipal_be_1730,candidate,be_politician_9452,question_120,no_opinion
304010,2018_be_municipal_be_1730,candidate,be_politician_9452,question_119,disagree
304009,2018_be_municipal_be_,candidate,be_politician_3420,question_58,no_opinion
304008,2018_be_municipal_be_,candidate,be_politician_3420,question_49,no_opinion
304007,2018_be_municipal_be_,candidate,be_politician_3420,question_46,fully_agree
304006,2018_be_municipal_be_,candidate,be_politician_3420,question_38,disagree
303997,2018_be_municipal_be_,candidate,be_politician_3420,question_4,no_opinion
304005,2018_be_municipal_be_,candidate,be_politician_3420,question_31,fully_agree
304004,2018_be_municipal_be_1730,candidate,be_politician_9452,question_118,agree
304003,2018_be_municipal_be_,candidate,be_politician_3420,question_23,disagree
304002,2018_be_municipal_be_,candidate,be_politician_3420,question_22,disagree
304001,2018_be_municipal_be_,candidate,be_politician_3420,question_21,no_opinion
304000,2018_be_municipal_be_1730,candidate,be_politician_9452,question_114,no_opinion
303999,2018_be_municipal_be_,candidate,be_politician_3420,question_20,disagree
303998,2018_be_municipal_be_1730,candidate,be_politician_9452,question_113,disagree
303996,2018_be_municipal_be_1730,candidate,be_politician_9452,question_112,no_opinion
303995,2018_be_municipal_be_1730,candidate,be_politician_9452,question_111,disagree
303994,2018_be_municipal_be_1730,candidate,be_politician_9452,question_110,disagree
303993,2018_be_municipal_be_1730,candidate,be_politician_9452,question_109,disagree
303992,2018_be_municipal_be_1730,candidate,be_politician_9452,question_108,disagree
303991,2018_be_municipal_be_1730,candidate,be_politician_9452,question_107,fully_agree
303990,2018_be_municipal_be_1730,candidate,be_politician_9452,question_46,agree
303989,2018_be_municipal_be_1730,candidate,be_politician_9452,question_105,no_opinion
303988,2018_be_municipal_be_1730,candidate,be_politician_9452,question_102,disagree
303987,2018_be_municipal_be_1730,candidate,be_politician_9452,question_100,disagree
303986,2018_be_municipal_be_1730,candidate,be_politician_9452,question_99,disagree
303985,2018_be_municipal_be_1730,candidate,be_politician_9452,question_98,no_opinion
303984,2018_be_municipal_be_1730,candidate,be_politician_9452,question_93,disagree
303983,2018_be_municipal_be_8900,candidate,be_politician_3511,question_127,agree
303982,2018_be_municipal_be_8900,candidate,be_politician_3511,question_125,no_opinion
303981,2018_be_municipal_be_1730,candidate,be_politician_9452,question_90,disagree
303980,2018_be_municipal_be_8900,candidate,be_politician_3511,question_123,agree
303979,2018_be_municipal_be_8900,candidate,be_politician_3511,question_121,no_opinion
303978,2018_be_municipal_be_8900,candidate,be_politician_3511,question_120,no_opinion
303977,2018_be_municipal_be_1730,candidate,be_politician_9452,question_89,disagree
303976,2018_be_municipal_be_8900,candidate,be_politician_3511,question_119,no_opinion
303975,2018_be_municipal_be_8900,candidate,be_politician_3511,question_118,fully_agree
303974,2018_be_municipal_be_8900,candidate,be_politician_3511,question_114,fully_agree
303973,2018_be_municipal_be_1730,candidate,be_politician_9452,question_88,disagree
303972,2018_be_municipal_be_8900,candidate,be_politician_3511,question_113,disagree
303971,2018_be_municipal_be_8900,candidate,be_politician_3511,question_112,fully_agree
303970,2018_be_municipal_be_1730,candidate,be_politician_9452,question_58,disagree
303969,2018_be_municipal_be_8900,candidate,be_politician_3511,question_111,disagree
303968,2018_be_municipal_be_8900,candidate,be_politician_3511,question_110,no_opinion
303967,2018_be_municipal_be_8900,candidate,be_politician_3511,question_109,disagree
303966,2018_be_municipal_be_8900,candidate,be_politician_3511,question_108,no_opinion
303965,2018_be_municipal_be_8900,candidate,be_politician_3511,question_107,no_opinion
303964,2018_be_municipal_be_8900,candidate,be_politician_3511,question_105,fully_agree
303963,2018_be_municipal_be_8900,candidate,be_politician_3511,question_102,disagree
303962,2018_be_municipal_be_8900,candidate,be_politician_3511,question_100,agree
303961,2018_be_municipal_be_8900,candidate,be_politician_3511,question_99,disagree
303960,2018_be_municipal_be_8900,candidate,be_politician_3511,question_98,agree
303959,2018_be_municipal_be_1730,candidate,be_politician_9452,question_49,disagree
303958,2018_be_municipal_be_8900,candidate,be_politician_3511,question_93,agree
303957,2018_be_municipal_be_8900,candidate,be_politician_3511,question_90,disagree
303956,2018_be_municipal_be_8900,candidate,be_politician_3511,question_89,no_opinion
303955,2018_be_municipal_be_8900,candidate,be_politician_3511,question_88,disagree
303954,2018_be_municipal_be_8900,candidate,be_politician_3511,question_58,fully_agree
303953,2018_be_municipal_be_8900,candidate,be_politician_3511,question_49,fully_agree
303952,2018_be_municipal_be_8900,candidate,be_politician_3511,question_38,disagree
303951,2018_be_municipal_be_8900,candidate,be_politician_3511,question_23,no_opinion
303950,2018_be_municipal_be_8900,candidate,be_politician_3511,question_21,disagree
303949,2018_be_municipal_be_8900,candidate,be_politician_3511,question_20,fully_agree
303948,2018_be_municipal_be_8900,candidate,be_politician_3511,question_4,no_opinion
303947,2018_be_municipal_be_1730,candidate,be_politician_9452,question_38,disagree
303946,2018_be_municipal_be_1730,candidate,be_politician_9452,question_31,fully_agree
303945,2018_be_municipal_be_1730,candidate,be_politician_9452,question_23,disagree
303944,2018_be_municipal_be_1730,candidate,be_politician_9452,question_22,disagree
303943,2018_be_municipal_be_1730,candidate,be_politician_9452,question_21,disagree
303942,2018_be_municipal_be_1730,candidate,be_politician_9452,question_20,disagree
303941,2018_be_municipal_be_1730,candidate,be_politician_9452,question_4,no_opinion
303940,2018_be_municipal_be_1470,candidate,be_politician_9177,question_58,no_opinion
303939,2018_be_municipal_be_1470,candidate,be_politician_9177,question_49,fully_agree
303938,2018_be_municipal_be_1470,candidate,be_politician_9177,question_46,agree
303937,2018_be_municipal_be_1470,candidate,be_politician_9177,question_38,disagree
303936,2018_be_municipal_be_1470,candidate,be_politician_9177,question_31,fully_agree
303935,2018_be_municipal_be_,candidate,be_politician_11087,question_127,disagree
303934,2018_be_municipal_be_,candidate,be_politician_11087,question_121,disagree
303933,2018_be_municipal_be_,candidate,be_politician_11087,question_120,disagree
303932,2018_be_municipal_be_,candidate,be_politician_11087,question_113,fully_agree
303931,2018_be_municipal_be_,candidate,be_politician_11087,question_107,no_opinion
303930,2018_be_municipal_be_1470,candidate,be_politician_9177,question_23,no_opinion
303929,2018_be_municipal_be_,candidate,be_politician_11087,question_93,disagree
303928,2018_be_municipal_be_,candidate,be_politician_11087,question_4,disagree
303927,2018_be_municipal_be_1470,candidate,be_politician_9177,question_22,disagree
303926,2018_be_municipal_be_,candidate,be_politician_11087,question_20,no_opinion
303925,NULL,candidate,be_politician_10561,question_93,agree
303924,2018_be_municipal_be_,candidate,be_politician_11087,question_21,fully_agree
303923,2018_be_municipal_be_1470,candidate,be_politician_9177,question_21,no_opinion
303922,2018_be_municipal_be_,candidate,be_politician_11087,question_22,disagree
303921,NULL,candidate,be_politician_10561,question_90,disagree
303920,2018_be_municipal_be_,candidate,be_politician_11087,question_23,no_opinion
303919,2018_be_municipal_be_,candidate,be_politician_11087,question_31,disagree
303918,NULL,candidate,be_politician_10561,question_89,disagree
303917,2018_be_municipal_be_,candidate,be_politician_11087,question_38,disagree
303916,2018_be_municipal_be_,candidate,be_politician_11087,question_46,fully_agree
303915,2018_be_municipal_be_,candidate,be_politician_11087,question_49,fully_agree
303914,NULL,candidate,be_politician_10561,question_58,fully_agree
303913,2018_be_municipal_be_1470,candidate,be_politician_9177,question_20,disagree
303912,2018_be_municipal_be_,candidate,be_politician_11087,question_58,disagree
303911,2018_be_municipal_be_,candidate,be_politician_11087,question_88,disagree
229326,2018_be_municipal_be_9250,candidate,be_politician_8751,question_4,fully_disagree
229327,2018_be_municipal_be_9250,candidate,be_politician_8751,question_20,fully_disagree
229328,2018_be_municipal_be_9250,candidate,be_politician_8751,question_21,fully_disagree
229329,2018_be_municipal_be_9250,candidate,be_politician_8751,question_31,fully_disagree
229330,2018_be_municipal_be_9250,candidate,be_politician_8751,question_84,fully_disagree
254675,2018_be_municipal_be_9250,candidate,be_politician_8751,question_85,fully_disagree
254676,2018_be_municipal_be_9250,candidate,be_politician_8751,question_86,fully_disagree
254677,2018_be_municipal_be_9250,candidate,be_politician_8751,question_87,fully_disagree
254678,2018_be_municipal_be_9250,candidate,be_politician_8751,question_88,fully_disagree
254679,2018_be_municipal_be_9250,candidate,be_politician_8751,question_89,fully_disagree
254680,2018_be_municipal_be_9250,candidate,be_politician_8751,question_90,fully_disagree
254681,2018_be_municipal_be_9250,candidate,be_politician_8751,question_91,fully_disagree
297708,2018_be_municipal_be_9250,candidate,be_politician_8751,question_71,fully_disagree
297709,2018_be_municipal_be_9250,candidate,be_politician_8751,question_93,fully_disagree
297710,2018_be_municipal_be_9250,candidate,be_politician_8751,question_94,fully_disagree
297711,2018_be_municipal_be_9250,candidate,be_politician_8751,question_95,fully_disagree
297712,2018_be_municipal_be_9250,candidate,be_politician_8751,question_96,fully_disagree
297713,2018_be_municipal_be_9250,candidate,be_politician_8751,question_97,fully_disagree
229326,2018_be_municipal_be_9250,candidate,be_politician_8751,question_4,fully_disagree
229327,2018_be_municipal_be_9250,candidate,be_politician_8751,question_20,fully_disagree
229328,2018_be_municipal_be_9250,candidate,be_politician_8751,question_21,fully_disagree
229329,2018_be_municipal_be_9250,candidate,be_politician_8751,question_31,fully_disagree
229330,2018_be_municipal_be_9250,candidate,be_politician_8751,question_84,fully_disagree
254675,2018_be_municipal_be_9250,candidate,be_politician_8751,question_85,fully_disagree
254676,2018_be_municipal_be_9250,candidate,be_politician_8751,question_86,fully_disagree
254677,2018_be_municipal_be_9250,candidate,be_politician_8751,question_87,fully_disagree
254678,2018_be_municipal_be_9250,candidate,be_politician_8751,question_88,fully_disagree
254679,2018_be_municipal_be_9250,candidate,be_politician_8751,question_89,fully_disagree
254680,2018_be_municipal_be_9250,candidate,be_politician_8751,question_90,fully_disagree
254681,2018_be_municipal_be_9250,candidate,be_politician_8751,question_91,fully_disagree
297708,2018_be_municipal_be_9250,candidate,be_politician_8751,question_71,fully_disagree
297709,2018_be_municipal_be_9250,candidate,be_politician_8751,question_93,fully_disagree
297710,2018_be_municipal_be_9250,candidate,be_politician_8751,question_94,fully_disagree
297711,2018_be_municipal_be_9250,candidate,be_politician_8751,question_95,fully_disagree
297712,2018_be_municipal_be_9250,candidate,be_politician_8751,question_96,fully_disagree
297713,2018_be_municipal_be_9250,candidate,be_politician_8751,question_97,fully_disagree
303910,2018_be_municipal_be_1470,candidate,be_politician_9177,question_4,fully_agree
303909,NULL,candidate,be_politician_10561,question_49,fully_agree
303908,2018_be_municipal_be_,candidate,be_politician_11087,question_89,disagree
303907,2018_be_municipal_be_,candidate,be_politician_11087,question_90,disagree
303906,NULL,candidate,be_politician_10561,question_46,agree
303905,2018_be_municipal_be_,candidate,be_politician_11087,question_98,no_opinion
303904,NULL,candidate,be_politician_10561,question_38,disagree
303903,2018_be_municipal_be_,candidate,be_politician_11087,question_99,disagree
303902,NULL,candidate,be_politician_10561,question_31,disagree
303901,2018_be_municipal_be_,candidate,be_politician_11087,question_100,disagree
303900,2018_be_municipal_be_,candidate,be_politician_11087,question_102,disagree
303899,NULL,candidate,be_politician_10561,question_23,disagree
303898,2018_be_municipal_be_,candidate,be_politician_11087,question_105,disagree
303897,2018_be_municipal_be_,candidate,be_politician_11087,question_108,disagree
303896,NULL,candidate,be_politician_10561,question_22,agree
303895,2018_be_municipal_be_,candidate,be_politician_11087,question_109,disagree
303894,2018_be_municipal_be_,candidate,be_politician_11087,question_110,disagree
303893,NULL,candidate,be_politician_10561,question_21,disagree
303892,2018_be_municipal_be_,candidate,be_politician_11087,question_111,disagree
303891,2018_be_municipal_be_,candidate,be_politician_11087,question_112,disagree
303890,NULL,candidate,be_politician_10561,question_20,no_opinion
303889,2018_be_municipal_be_2950,candidate,be_politician_9897,question_127,disagree
303888,2018_be_municipal_be_,candidate,be_politician_11087,question_114,no_opinion
303664,2018_be_municipal_be_2950,candidate,be_politician_9897,question_4,no_opinion
303887,NULL,candidate,be_politician_10561,question_4,agree
303886,2018_be_municipal_be_,candidate,be_politician_11087,question_118,fully_agree
303885,2018_be_municipal_be_,candidate,be_politician_11087,question_119,disagree
303884,2018_be_municipal_be_,candidate,be_politician_11087,question_123,agree
303883,2018_be_municipal_be_2950,candidate,be_politician_9897,question_125,no_opinion
303882,2018_be_municipal_be_,candidate,be_politician_11087,question_125,disagree
303881,2018_be_municipal_be_2800,candidate,be_politician_8915,question_93,no_opinion
303880,2018_be_municipal_be_5140,candidate,be_politician_5806,question_49,no_opinion
303879,2018_be_municipal_be_2950,candidate,be_politician_9897,question_123,no_opinion
303878,2018_be_municipal_be_5140,candidate,be_politician_5806,question_46,agree
303877,2018_be_municipal_be_5140,candidate,be_politician_5806,question_38,disagree
303876,2018_be_municipal_be_5140,candidate,be_politician_5806,question_23,no_opinion
303875,2018_be_municipal_be_2950,candidate,be_politician_9897,question_121,agree
303874,2018_be_municipal_be_5140,candidate,be_politician_5806,question_22,disagree
303873,2018_be_municipal_be_2800,candidate,be_politician_8915,question_124,no_opinion
303872,2018_be_municipal_be_2950,candidate,be_politician_9897,question_120,disagree
303871,2018_be_municipal_be_2950,candidate,be_politician_9897,question_119,fully_agree
303870,2018_be_municipal_be_,candidate,be_politician_4129,question_110,agree
303869,NULL,candidate,be_politician_10800,question_127,disagree
303868,2018_be_municipal_be_2950,candidate,be_politician_9897,question_118,agree
303867,NULL,candidate,be_politician_10800,question_125,no_opinion
303866,2018_be_municipal_be_5140,candidate,be_politician_5806,question_98,fully_agree
303865,2018_be_municipal_be_,candidate,be_politician_4129,question_121,no_opinion
303864,2018_be_municipal_be_5140,candidate,be_politician_5806,question_100,disagree
303863,2018_be_municipal_be_,candidate,be_politician_4129,question_127,disagree
303862,2018_be_municipal_be_,candidate,be_politician_4129,question_126,disagree
303861,2018_be_municipal_be_5140,candidate,be_politician_5806,question_101,no_opinion
303860,NULL,candidate,be_politician_10800,question_123,no_opinion
303859,2018_be_municipal_be_,candidate,be_politician_4129,question_123,disagree
303858,2018_be_municipal_be_,candidate,be_politician_4129,question_120,no_opinion
303856,2018_be_municipal_be_,candidate,be_politician_4129,question_118,no_opinion
303857,NULL,candidate,be_politician_10800,question_121,disagree
303855,2018_be_municipal_be_,candidate,be_politician_4129,question_116,disagree
303854,NULL,candidate,be_politician_10800,question_120,no_opinion
303853,2018_be_municipal_be_,candidate,be_politician_4129,question_114,no_opinion
303852,2018_be_municipal_be_5140,candidate,be_politician_5806,question_102,disagree
303851,2018_be_municipal_be_5140,candidate,be_politician_5806,question_103,disagree
303850,NULL,candidate,be_politician_10800,question_119,no_opinion
303849,2018_be_municipal_be_,candidate,be_politician_4129,question_115,disagree
303847,2018_be_municipal_be_5140,candidate,be_politician_5806,question_104,disagree
303848,NULL,candidate,be_politician_10800,question_118,no_opinion
303846,2018_be_municipal_be_,candidate,be_politician_4129,question_113,disagree
303845,2018_be_municipal_be_5140,candidate,be_politician_5806,question_105,fully_agree
303844,2018_be_municipal_be_,candidate,be_politician_4129,question_108,disagree
303843,2018_be_municipal_be_2950,candidate,be_politician_9897,question_114,fully_agree
303842,2018_be_municipal_be_,candidate,be_politician_4129,question_107,no_opinion
303841,2018_be_municipal_be_5140,candidate,be_politician_5806,question_108,disagree
303840,2018_be_municipal_be_5140,candidate,be_politician_5806,question_107,fully_agree
303839,NULL,candidate,be_politician_10800,question_114,fully_agree
303838,2018_be_municipal_be_,candidate,be_politician_4129,question_106,no_opinion
303837,2018_be_municipal_be_,candidate,be_politician_4129,question_105,disagree
303836,2018_be_municipal_be_5140,candidate,be_politician_5806,question_109,disagree
303835,2018_be_municipal_be_,candidate,be_politician_4129,question_104,disagree
303834,2018_be_municipal_be_5140,candidate,be_politician_5806,question_110,disagree
303833,NULL,candidate,be_politician_10800,question_113,no_opinion
303832,2018_be_municipal_be_,candidate,be_politician_4129,question_101,disagree
303831,2018_be_municipal_be_5140,candidate,be_politician_5806,question_111,no_opinion
303830,2018_be_municipal_be_,candidate,be_politician_4129,question_96,agree
303829,NULL,candidate,be_politician_10800,question_112,fully_agree
303828,2018_be_municipal_be_,candidate,be_politician_4129,question_95,disagree
303827,2018_be_municipal_be_,candidate,be_politician_4129,question_93,no_opinion
303826,2018_be_municipal_be_5140,candidate,be_politician_5806,question_113,disagree
303825,2018_be_municipal_be_,candidate,be_politician_4129,question_88,agree
303824,2018_be_municipal_be_5140,candidate,be_politician_5806,question_114,fully_agree
303823,2018_be_municipal_be_,candidate,be_politician_4129,question_84,disagree
303822,NULL,candidate,be_politician_10800,question_111,disagree
303821,2018_be_municipal_be_,candidate,be_politician_4129,question_52,agree
303820,2018_be_municipal_be_,candidate,be_politician_4129,question_49,disagree
303819,NULL,candidate,be_politician_10800,question_110,disagree
303818,NULL,candidate,be_politician_9741,question_38,no_opinion
303817,2018_be_municipal_be_5140,candidate,be_politician_5806,question_118,fully_agree
303816,2018_be_municipal_be_,candidate,be_politician_4129,question_38,disagree
303815,2018_be_municipal_be_2950,candidate,be_politician_9897,question_113,fully_agree
303814,2018_be_municipal_be_,candidate,be_politician_4129,question_31,disagree
303813,NULL,candidate,be_politician_9741,question_31,disagree
303812,NULL,candidate,be_politician_10800,question_109,no_opinion
303811,NULL,candidate,be_politician_9741,question_23,agree
303810,2018_be_municipal_be_5140,candidate,be_politician_5806,question_119,fully_agree
303809,2018_be_municipal_be_,candidate,be_politician_4129,question_23,no_opinion
303808,NULL,candidate,be_politician_10800,question_108,disagree
303807,NULL,candidate,be_politician_9741,question_22,disagree
303806,2018_be_municipal_be_5140,candidate,be_politician_5806,question_120,fully_agree
303804,2018_be_municipal_be_,candidate,be_politician_4129,question_22,no_opinion
303805,NULL,candidate,be_politician_10800,question_107,fully_agree
303803,NULL,candidate,be_politician_9741,question_21,disagree
303802,2018_be_municipal_be_5140,candidate,be_politician_5806,question_121,disagree
303801,NULL,candidate,be_politician_9741,question_20,agree
303800,2018_be_municipal_be_,candidate,be_politician_4129,question_20,no_opinion
303799,2018_be_municipal_be_,candidate,be_politician_4129,question_14,no_opinion
303798,2018_be_municipal_be_5140,candidate,be_politician_5806,question_123,no_opinion
303797,NULL,candidate,be_politician_10800,question_105,no_opinion
303796,NULL,candidate,be_politician_9741,question_4,fully_agree
303795,2018_be_municipal_be_2950,candidate,be_politician_9897,question_112,disagree
303794,NULL,candidate,be_politician_10800,question_102,agree
303793,2018_be_municipal_be_2950,candidate,be_politician_9897,question_111,disagree
303792,2018_be_municipal_be_5140,candidate,be_politician_5806,question_124,no_opinion
303791,NULL,candidate,be_politician_10800,question_100,disagree
303790,NULL,candidate,be_politician_10800,question_99,disagree
303789,2018_be_municipal_be_5140,candidate,be_politician_5806,question_127,no_opinion
303788,NULL,candidate,be_politician_10800,question_98,no_opinion
303787,NULL,candidate,be_politician_10800,question_93,disagree
303786,2018_be_municipal_be_2950,candidate,be_politician_9897,question_110,disagree
213023,2018_be_municipal_be_1400,candidate,be_politician_7920,question_10,fully_disagree
213024,2018_be_municipal_be_1400,candidate,be_politician_7920,question_48,fully_disagree
213025,2018_be_municipal_be_1400,candidate,be_politician_7920,question_55,fully_disagree
213026,2018_be_municipal_be_1400,candidate,be_politician_7920,question_59,fully_disagree
220486,2018_be_municipal_be_1400,candidate,be_politician_7920,question_4,fully_disagree
