code,name_fr,name_nl,region,type,code_search
6250,Aiseau-Presles,Aiseau-Presles,wallonia,rural,
4540,Amay,Amay,wallonia,rural,
4770,Amblève,Amel,wallonia,rural,
5300,Andenne,Andenne,wallonia,rural,
6150,Anderlues,Anderlues,wallonia,rural,
5537,Anhée,Anhée,wallonia,rural,
4430,Ans,Ans,wallonia,rural,
4160,Anthisnes,Anthisnes,wallonia,rural,
7640,Antoing,Antoing,wallonia,rural,
6700,Arlon,Aarlen,wallonia,rural,
5330,Assesse,Assesse,wallonia,rural,
7800,Ath,Aat,wallonia,rural,
6717,Attert,Attert,wallonia,rural,
6790,Aubange,Aubange,wallonia,rural,
4880,Aubel,Aubel,wallonia,rural,
4340,Awans,Awans,wallonia,rural,
4920,Aywaille,Aywaille,wallonia,rural,
4837,Baelen,Baelen,wallonia,rural,
4690,Bassenge,Bitsingen,wallonia,rural,
6600,Bastogne,Bastenaken,wallonia,rural,
6500,Beaumont,Beaumont,wallonia,rural,
5570,Beauraing,Beauraing,wallonia,rural,
1320,Beauvechain,Bevekom,wallonia,rural,
7970,Belœil,Belœil,wallonia,rural,7970
4257,Berloz,Berloz,wallonia,rural,
7320,Bernissart,Bernissart,wallonia,rural,
6687,Bertogne,Bertogne,wallonia,rural,
6880,Bertrix,Bertrix,wallonia,rural,
4610,Beyne-Heusay,Beyne-Heusay,wallonia,rural,
5555,Bièvre,Bièvre,wallonia,rural,
7130,Binche,Binche,wallonia,urban,
4670,Blegny,Blegny,wallonia,rural,4670
6830,Bouillon,Bouillon,wallonia,rural,
7300,Boussu,Boussu,wallonia,rural,
1420,Braine-l'Alleud,Eigenbrakel,wallonia,urban,
1440,Braine-le-Château,Kasteelbrakel,wallonia,rural,
7090,Braine-le-Comte,s-Gravenbrakel,wallonia,rural,
4260,Braives,Braives,wallonia,rural,
7940,Brugelette,Brugelette,wallonia,rural,
7620,Brunehaut,Brunehaut,wallonia,rural,
5080,La Bruyère,La Bruyère,wallonia,rural,
4760,Bullange,Büllingen,wallonia,rural,
4210,Burdinne,Burdinne,wallonia,rural,
4790,Burg-Reuland,Burg-Reuland,wallonia,rural,
4750,Butgenbach,Bütgenbach,wallonia,rural,
4317,Celles,Celles,wallonia,rural,
5630,Cerfontaine,Cerfontaine,wallonia,rural,
7160,Chapelle-lez-Herlaimont,Chapelle-lez-Herlaimont,wallonia,rural,
6000,Charleroi,Charleroi,wallonia,urban,
1450,Chastre,Chastre,wallonia,rural,
6200,Châtelet,Châtelet,wallonia,urban,
4050,Chaudfontaine,Chaudfontaine,wallonia,rural,
1325,Chaumont-Gistoux,Chaumont-Gistoux,wallonia,rural,
7950,Chièvres,Chièvres,wallonia,rural,
6460,Chimay,Chimay,wallonia,rural,
6810,Chiny,Chiny,wallonia,rural,
5590,Ciney,Ciney,wallonia,rural,
4560,Clavier,Clavier,wallonia,rural,
7340,Colfontaine,Colfontaine,wallonia,rural,
4170,Comblain-au-Pont,Comblain-au-Pont,wallonia,rural,
7780,Comines-Warneton,Komen-Waasten,wallonia,rural,
6180,Courcelles,Courcelles,wallonia,urban,
1490,Court-Saint-Étienne,Court-Saint-Etienne,wallonia,rural,
5660,Couvin,Couvin,wallonia,rural,
4367,Crisnée,Crisnée,wallonia,rural,
4607,Dalhem,Dalhem,wallonia,rural,
6929,Daverdisse,Daverdisse,wallonia,rural,
5500,Dinant,Dinant,wallonia,rural,
4820,Dison,Dison,wallonia,rural,
5680,Doische,Doische,wallonia,rural,
4357,Donceel,Donceel,wallonia,rural,
7370,Dour,Dour,wallonia,rural,
6940,Durbuy,Durbuy,wallonia,rural,
7190,Écaussinnes,Écaussinnes,wallonia,rural,7190
5310,Éghezée,Éghezée,wallonia,rural,5310
7890,Ellezelles,Elzele,wallonia,rural,
7850,Enghien,Edingen,wallonia,rural,
4480,Engis,Engis,wallonia,rural,
6997,Érezée,Érezée,wallonia,rural,6997
6560,Erquelinnes,Erquelinnes,wallonia,rural,
4130,Esneux,Esneux,wallonia,rural,
7730,Estaimpuis,Steenput,wallonia,rural,
7120,Estinnes,Estinnes,wallonia,rural,
6740,Étalle,Étalle,wallonia,rural,6740
4700,Eupen,Eupen,wallonia,rural,
4317,Faimes,Faimes,wallonia,rural,
6240,Farciennes,Farciennes,wallonia,rural,
6637,Fauvillers,Fauvillers,wallonia,rural,
5380,Fernelmont,Fernelmont,wallonia,rural,
4190,Ferrières,Ferrières,wallonia,rural,
4347,Fexhe-le-Haut-Clocher,Fexhe-le-Haut-Clocher,wallonia,rural,
4400,Flémalle,Flémalle,wallonia,rural,
4620,Fléron,Fléron,wallonia,rural,
6220,Fleurus,Fleurus,wallonia,rural,
7880,Flobecq,Vloesberg,wallonia,rural,
5150,Floreffe,Floreffe,wallonia,rural,
5620,Florennes,Florennes,wallonia,rural,
6820,Florenville,Florenville,wallonia,rural,
6140,Fontaine-l'Évêque,Fontaine-l'Evêque,wallonia,rural,
5070,Fosses-la-Ville,Fosses-la-Ville,wallonia,rural,
7080,Frameries,Frameries,wallonia,rural,
7910,Frasnes-lez-Anvaing,Frasnes-lez-Anvaing,wallonia,rural,
6440,Froidchapelle,Froidchapelle,wallonia,rural,
5575,Gedinne,Gedinne,wallonia,rural,
4250,Geer,Geer,wallonia,rural,
5030,Gembloux,Gembloers,wallonia,rural,
1470,Genappe,Genepiën,wallonia,rural,
6280,Gerpinnes,Gerpinnes,wallonia,rural,
5340,Gesves,Gesves,wallonia,rural,
6670,Gouvy,Gouvy,wallonia,rural,
4460,Grâce-Hollogne,Grâce-Hollogne,wallonia,rural,
1390,Grez-Doiceau,Graven,wallonia,rural,
6720,Habay,Habay,wallonia,rural,
6120,Ham-sur-Heure-Nalinnes,Ham-sur-Heure-Nalinnes,wallonia,rural,6120
4180,Hamoir,Hamoir,wallonia,rural,
5360,Hamois,Hamois,wallonia,rural,
4280,Hannut,Hannuit,wallonia,rural,
5540,Hastière,Hastière,wallonia,rural,
5370,Havelange,Havelange,wallonia,rural,
1357,Hélécine,Hélécine,wallonia,rural,
7350,Hensies,Hensies,wallonia,rural,
6887,Herbeumont,Herbeumont,wallonia,rural,
4217,Héron,Héron,wallonia,rural,
4040,Herstal,Herstal,wallonia,urban,
4650,Herve,Herve,wallonia,rural,
7387,Honnelles,Honnelles,wallonia,rural,
6990,Hotton,Hotton,wallonia,rural,
6660,Houffalize,Houffalize,wallonia,rural,
5560,Houyet,Houyet,wallonia,rural,
1310,La Hulpe,Terhulpen,wallonia,rural,
4500,Huy,Hoei,wallonia,rural,
1315,Incourt,Incourt,wallonia,rural,
1460,Ittre,Itter,wallonia,rural,
4845,Jalhay,Jalhay,wallonia,rural,
5190,Jemeppe-sur-Sambre,Jemeppe-sur-Sambre,wallonia,rural,
1370,Jodoigne,Geldenaken,wallonia,rural,
4450,Juprelle,Juprelle,wallonia,rural,
7050,Jurbise,Jurbeke,wallonia,rural,
4720,La Calamine,Kelmis,wallonia,rural,
1380,Lasne,Lasne,wallonia,rural,
6860,Léglise,Léglise,wallonia,rural,
7870,Lens,Lens,wallonia,rural,
6210,Les Bons Villers,Les Bons Villers,wallonia,rural,
7860,Lessines,Lessen,wallonia,rural,
7900,Leuze-en-Hainaut,Leuze-en-Hainaut,wallonia,rural,
6890,Libin,Libin,wallonia,rural,
6800,Libramont-Chevigny,Libramont-Chevigny,wallonia,rural,
4000,Liège,Luik,wallonia,urban,
4990,Lierneux,Lierneux,wallonia,rural,
4830,Limbourg,Limburg,wallonia,rural,
4287,Lincent,Lijsem,wallonia,rural,
6540,Lobbes,Lobbes,wallonia,rural,
4710,Lontzen,Lontzen,wallonia,rural,
7100,La Louvière,La Louvière,wallonia,urban,
4960,Malmedy,Malmedy,wallonia,rural,
7170,Manage,Manage,wallonia,rural,
6960,Manhay,Manhay,wallonia,rural,
6900,Marche-en-Famenne,Marche-en-Famenne,wallonia,rural,
4570,Marchin,Marchin,wallonia,rural,
6630,Martelange,Martelange,wallonia,rural,
6769,Meix-devant-Virton,Meix-devant-Virton,wallonia,rural,
6567,Merbes-le-Château,Merbes-le-Château,wallonia,rural,
6780,Messancy,Messancy,wallonia,rural,
5640,Mettet,Mettet,wallonia,rural,
4577,Modave,Modave,wallonia,rural,
6590,Momignies,Momignies,wallonia,rural,
7000,Mons,Bergen,wallonia,urban,
7750,Mont-de-l'Enclus,Mont-de-l'Enclus,wallonia,rural,
6110,Montigny-le-Tilleul,Montigny-le-Tilleul,wallonia,rural,
1435,Mont-Saint-Guibert,Mont-Saint-Guibert,wallonia,rural,
7140,Morlanwelz,Morlanwelz,wallonia,rural,
7700,Mouscron,Moeskroen,wallonia,urban,
6750,Musson,Musson,wallonia,rural,
5000,Namur,Namen,wallonia,urban,
4550,Nandrin,Nandrin,wallonia,rural,
6950,Nassogne,Nassogne,wallonia,rural,
4608,Neufchâteau,Neufchâteau,wallonia,rural,
4120,Neupré,Neupré,wallonia,rural,
1400,Nivelles,Nijvel,wallonia,rural,
5350,Ohey,Ohey,wallonia,rural,
4877,Olne,Olne,wallonia,rural,
5520,Onhaye,Onhaye,wallonia,rural,
4360,Oreye,Oerle,wallonia,rural,
1350,Orp-Jauche,Orp-Jauche,wallonia,rural,
1340,Ottignies-Louvain-la-Neuve,Ottignies-Louvain-la-Neuve,wallonia,urban,
4590,Ouffet,Ouffet,wallonia,rural,
4680,Oupeye,Oupeye,wallonia,rural,
6850,Paliseul,Paliseul,wallonia,rural,
7740,Pecq,Pecq,wallonia,rural,
4860,Pepinster,Pepinster,wallonia,rural,
7600,Péruwelz,Péruwelz,wallonia,rural,
1360,Perwez,Perwijs,wallonia,rural,
5600,Philippeville,Philippeville,wallonia,rural,
4850,Plombières,Blieberg,wallonia,rural,
6230,Pont-à-Celles,Pont-à-Celles,wallonia,rural,
5170,Profondeville,Profondeville,wallonia,rural,
7390,Quaregnon,Quaregnon,wallonia,rural,
7040,Quévy,Quévy,wallonia,rural,
7380,Quiévrain,Quiévrain,wallonia,rural,
4730,Raeren,Raeren,wallonia,rural,
1367,Ramillies,Ramillies,wallonia,rural,
1430,Rebecq,Rebecq,wallonia,rural,
4350,Remicourt,Remicourt,wallonia,rural,
6987,Rendeux,Rendeux,wallonia,rural,
1330,Rixensart,Rixensart,wallonia,rural,
6980,La Roche-en-Ardenne,La Roche-en-Ardenne,wallonia,rural,
5580,Rochefort,Rochefort,wallonia,rural,
7070,Le Rœulx,Le Rœulx,wallonia,rural,7070
6767,Rouvroy,Rouvroy,wallonia,rural,
7610,Rumes,Rumes,wallonia,rural,
6680,Sainte-Ode,Sainte-Ode,wallonia,rural,
4470,Saint-Georges-sur-Meuse,Saint-Georges-sur-Meuse,wallonia,rural,
7330,Saint-Ghislain,Saint-Ghislain,wallonia,rural,
6870,Saint-Hubert,Saint-Hubert,wallonia,rural,
6747,Saint-Léger,Saint-Léger,wallonia,rural,
4420,Saint-Nicolas,Saint-Nicolas,wallonia,rural,
4780,Saint-Vith,Sankt Vith,wallonia,rural,
5060,Sambreville,Sambreville,wallonia,rural,
7180,Seneffe,Seneffe,wallonia,rural,
4100,Seraing,Seraing,wallonia,urban,
7830,Silly,Opzullik,wallonia,rural,
6470,Sivry-Rance,Sivry-Rance,wallonia,rural,
7060,Soignies,Zinnik,wallonia,rural,
5140,Sombreffe,Sombreffe,wallonia,rural,
5377,Somme-Leuze,Somme-Leuze,wallonia,rural,
4630,Soumagne,Soumagne,wallonia,rural,
4900,Spa,Spa,wallonia,rural,
4140,Sprimont,Sprimont,wallonia,rural,
4970,Stavelot,Stavelot,wallonia,rural,
4987,Stoumont,Stoumont,wallonia,rural,
6927,Tellin,Tellin,wallonia,rural,
6970,Tenneville,Tenneville,wallonia,rural,
4910,Theux,Theux,wallonia,rural,
4890,Thimister-Clermont,Thimister-Clermont,wallonia,rural,
6530,Thuin,Thuin,wallonia,rural,
4557,Tinlot,Tinlot,wallonia,rural,
6730,Tintigny,Tintigny,wallonia,rural,
7500,Tournai,Doornik,wallonia,urban,
4980,Trois-Ponts,Trois-Ponts,wallonia,rural,
4870,Trooz,Trooz,wallonia,rural,
1480,Tubize,Tubeke,wallonia,rural,
6640,Vaux-sur-Sûre,Vaux-sur-Sûre,wallonia,rural,
4537,Verlaine,Verlaine,wallonia,rural,
4800,Verviers,Verviers,wallonia,urban,
6690,Vielsalm,Vielsalm,wallonia,rural,
4530,Villers-le-Bouillet,Villers-le-Bouillet,wallonia,rural,
1495,Villers-la-Ville,Villers-la-Ville,wallonia,rural,
5670,Viroinval,Viroinval,wallonia,rural,
6760,Virton,Virton,wallonia,rural,
4600,Visé,Wezet,wallonia,rural,
5550,Vresse-sur-Semois,Vresse-sur-Semois,wallonia,rural,
4950,Waimes,Weismes,wallonia,rural,
5650,Walcourt,Walcourt,wallonia,rural,
1457,Walhain,Walhain,wallonia,rural,
4520,Wanze,Wanze,wallonia,rural,
4300,Waremme,Borgworm,wallonia,rural,
4219,Wasseiges,Wasseiges,wallonia,rural,
1410,Waterloo,Waterloo,wallonia,rural,
1300,Wavre,Waver,wallonia,urban,
4840,Welkenraedt,Welkenraedt,wallonia,rural,
6920,Wellin,Wellin,wallonia,rural,
5530,Yvoir,Yvoir,wallonia,rural,
9880,Aalter,Aalter,flandria,rural,
3200,Aarschot,Aarschot,flandria,rural,
2630,Aartselaar,Aartselaar,flandria,rural,
1790,Affligem,Affligem,flandria,rural,
3570,Alken,Alken,flandria,rural,
3800,Alost,Aalst,flandria,urban,
8690,Alveringem,Alveringem,flandria,rural,
2000,Anvers,Antwerpen,flandria,urban,
8570,Anzegem,Anzegem,flandria,rural,
8850,Ardooie,Ardooie,flandria,rural,
2370,Arendonk,Arendonk,flandria,rural,
3665,As,As,flandria,rural,
1730,Asse,Asse,flandria,rural,
9960,Assenede,Assenede,flandria,rural,
9700,Audenarde,Oudenaarde,flandria,rural,
8580,Avelgem,Avelgem,flandria,rural,
2387,Baerle-Duc,Baarle-Hertog,flandria,rural,
2490,Balen,Balen,flandria,rural,
8730,Beernem,Beernem,flandria,rural,
2340,Beerse,Beerse,flandria,rural,
1650,Beersel,Beersel,flandria,rural,
3130,Begijnendijk,Begijnendijk,flandria,rural,
3460,Bekkevoort,Bekkevoort,flandria,rural,
3580,Beringen,Beringen,flandria,urban,
2590,Berlaar,Berlaar,flandria,rural,
9290,Berlare,Berlare,flandria,rural,
3060,Bertem,Bertem,flandria,rural,
8791,Beveren,Beveren,flandria,urban,
3360,Bierbeek,Bierbeek,flandria,rural,
1547,Biévène,Bever,flandria,rural,
3740,Bilzen,Bilzen,flandria,rural,
8370,Blankenberge,Blankenberge,flandria,rural,
3950,Bocholt,Bocholt,flandria,rural,
2530,Boechout,Boechout,flandria,rural,
2820,Bonheiden,Bonheiden,flandria,rural,
2850,Boom,Boom,flandria,rural,
3190,Boortmeerbeek,Boortmeerbeek,flandria,rural,
3840,Looz,Borgloon,flandria,rural,
2880,Bornem,Bornem,flandria,rural,
2150,Borsbeek,Borsbeek,flandria,rural,
3970,Bourg-Léopold,Leopoldsburg,flandria,rural,
3370,Boutersem,Boutersem,flandria,rural,
9660,Brakel,Brakel,flandria,rural,
2930,Brasschaat,Brasschaat,flandria,rural,
2960,Brecht,Brecht,flandria,rural,
8450,Bredene,Bredene,flandria,rural,
3960,Brée,Bree,flandria,rural,
8000,Bruges,Brugge,flandria,urban,
9255,Buggenhout,Buggenhout,flandria,rural,
2920,Calmpthout,Kalmthout,flandria,rural,
8420,Le Coq,De Haan,flandria,rural,
8500,Courtrai,Kortrijk,flandria,urban,
8670,Coxyde,Koksijde,flandria,rural,
1950,Crainhem,Kraainem,flandria,rural,
8340,Damme,Damme,flandria,rural,
9840,De Pinte,De Pinte,flandria,rural,
8540,Deerlijk,Deerlijk,flandria,rural,
9800,Deinze,Deinze,flandria,rural,
9470,Denderleeuw,Denderleeuw,flandria,rural,
8720,Dentergem,Dentergem,flandria,rural,
2480,Dessel,Dessel,flandria,rural,
9070,Destelbergen,Destelbergen,flandria,rural,
3590,Diepenbeek,Diepenbeek,flandria,rural,
3290,Diest,Diest,flandria,rural,
1700,Dilbeek,Dilbeek,flandria,rural,
3650,Dilsen-Stokkem,Dilsen-Stokkem,flandria,rural,
8600,Dixmude,Diksmuide,flandria,rural,
1620,Drogenbos,Drogenbos,flandria,rural,
2570,Duffel,Duffel,flandria,rural,
2650,Edegem,Edegem,flandria,rural,
9900,Eeklo,Eeklo,flandria,rural,
9420,Erpe-Mere,Erpe-Mere,flandria,rural,
8587,Espierres-Helchin,Spiere-Helkijn,flandria,rural,
2910,Essen,Essen,flandria,rural,
9940,Evergem,Evergem,flandria,rural,
3790,Fourons,Voeren,flandria,rural,
8630,Furnes,Veurne,flandria,rural,
1570,Gammerages,Galmaarden,flandria,rural,
9000,Gand,Gent,flandria,urban,
9890,Gavere,Gavere,flandria,rural,
2440,Geel,Geel,flandria,rural,
3450,Geetbets,Geetbets,flandria,rural,
3600,Genk,Genk,flandria,urban,
3890,Gingelom,Gingelom,flandria,rural,
8470,Gistel,Gistel,flandria,rural,
3380,Glabbeek,Glabbeek,flandria,rural,
1755,Gooik,Gooik,flandria,rural,
9500,Grammont,Geraardsbergen,flandria,rural,
1850,Grimbergen,Grimbergen,flandria,rural,
2280,Grobbendonk,Grobbendonk,flandria,rural,
3150,Haacht,Haacht,flandria,rural,
9450,Haaltert,Haaltert,flandria,rural,
1500,Hal,Halle,flandria,rural,
3545,Halen,Halen,flandria,rural,
3945,Ham,Ham,flandria,rural,
1785,Hamme,Hamme,flandria,rural,
3930,Hamont-Achel,Hamont-Achel,flandria,rural,
8530,Harelbeke,Harelbeke,flandria,rural,
3500,Hasselt,Hasselt,flandria,urban,
9520,Hautem-Saint-Liévin,Sint-Lievens-Houtem,flandria,rural,
3940,Hechtel-Eksel,Hechtel-Eksel,flandria,rural,
3870,Heers,Heers,flandria,rural,
2220,Heist-op-den-Berg,Heist-op-den-Berg,flandria,rural,
2620,Hemiksem,Hemiksem,flandria,rural,
3540,Herck-la-Ville,Herk-de-Stad,flandria,rural,
3020,Herent,Herent,flandria,rural,
2200,Herentals,Herentals,flandria,rural,
2270,Herenthout,Herenthout,flandria,rural,
1540,Hérinnes,Herne,flandria,rural,
2230,Herselt,Herselt,flandria,rural,
3717,Herstappe,Herstappe,flandria,rural,
9550,Herzele,Herzele,flandria,rural,
3550,Heusden-Zolder,Heusden-Zolder,flandria,rural,
8950,Heuvelland,Heuvelland,flandria,rural,
3320,Hoegaarden,Hoegaarden,flandria,rural,
1560,Hoeilaart,Hoeilaart,flandria,rural,
3730,Hoeselt,Hoeselt,flandria,rural,
3220,Holsbeek,Holsbeek,flandria,rural,
8830,Hooglede,Hooglede,flandria,rural,
2320,Hoogstraten,Hoogstraten,flandria,rural,
9667,Horebeke,Horebeke,flandria,rural,
3530,Houthalen-Helchteren,Houthalen-Helchteren,flandria,rural,
8650,Houthulst,Houthulst,flandria,rural,
2540,Hove,Hove,flandria,rural,
3040,Huldenberg,Huldenberg,flandria,rural,
2235,Hulshout,Hulshout,flandria,rural,
8480,Ichtegem,Ichtegem,flandria,rural,
8770,Ingelmunster,Ingelmunster,flandria,rural,
8870,Izegem,Izegem,flandria,rural,
8490,Jabbeke,Jabbeke,flandria,rural,
1910,Kampenhout,Kampenhout,flandria,rural,
2950,Kapellen,Kapellen,flandria,rural,
1880,Kapelle-op-den-Bos,Kapelle-op-den-Bos,flandria,rural,
9970,Kaprijke,Kaprijke,flandria,rural,
2460,Kasterlee,Kasterlee,flandria,rural,
3140,Keerbergen,Keerbergen,flandria,rural,
3640,Kinrooi,Kinrooi,flandria,rural,
9690,Kluisbergen,Kluisbergen,flandria,rural,
9910,Knesselare,Knesselare,flandria,rural,
8300,Knokke-Heist,Knokke-Heist,flandria,rural,
8680,Koekelare,Koekelare,flandria,rural,
2550,Kontich,Kontich,flandria,rural,
8610,Kortemark,Kortemark,flandria,rural,
3470,Kortenaken,Kortenaken,flandria,rural,
3070,Kortenberg,Kortenberg,flandria,rural,
3720,Kortessem,Kortessem,flandria,rural,
9150,Kruibeke,Kruibeke,flandria,rural,
9770,Kruishoutem,Kruishoutem,flandria,rural,
8520,Kuurne,Kuurne,flandria,rural,
2430,Laakdal,Laakdal,flandria,rural,
9270,Laerne,Laarne,flandria,rural,
9830,Laethem-Saint-Martin,Sint-Martens-Latem,flandria,rural,
3620,Lanaken,Lanaken,flandria,rural,
3400,Landen,Landen,flandria,rural,
8920,Langemark-Poelkapelle,Langemark-Poelkapelle,flandria,rural,
9280,Lebbeke,Lebbeke,flandria,rural,
9340,Lede,Lede,flandria,rural,
8880,Ledegem,Ledegem,flandria,rural,
1600,Leeuw-Saint-Pierre,Sint-Pieters-Leeuw,flandria,rural,
8860,Lendelede,Lendelede,flandria,rural,
1750,Lennik,Lennik,flandria,rural,
8810,Lichtervelde,Lichtervelde,flandria,rural,
1770,Liedekerke,Liedekerke,flandria,rural,
9570,Lierde,Lierde,flandria,rural,
2500,Lierre,Lier,flandria,rural,
2275,Lille,Lille,flandria,rural,
1630,Linkebeek,Linkebeek,flandria,rural,
2547,Lint,Lint,flandria,rural,
3350,Linter,Linter,flandria,rural,
9080,Lochristi,Lochristi,flandria,rural,
9160,Lokeren,Lokeren,flandria,rural,
3920,Lommel,Lommel,flandria,rural,
1840,Londerzeel,Londerzeel,flandria,rural,
8647,Lo-Reninge,Lo-Reninge,flandria,rural,
3000,Louvain,Leuven,flandria,urban,
9920,Lovendegem,Lovendegem,flandria,rural,
3210,Lubbeek,Lubbeek,flandria,rural,
3560,Lummen,Lummen,flandria,rural,
9680,Maarkedal,Maarkedal,flandria,rural,
3680,Maaseik,Maaseik,flandria,rural,
3630,Maasmechelen,Maasmechelen,flandria,rural,
1830,Machelen,Machelen,flandria,rural,
9990,Maldegem,Maldegem,flandria,rural,
2800,Malines,Mechelen,flandria,urban,
2390,Malle,Malle,flandria,rural,
2450,Meerhout,Meerhout,flandria,rural,
3670,Meeuwen-Gruitrode,Meeuwen-Gruitrode,flandria,rural,
1860,Meise,Meise,flandria,rural,
9090,Melle,Melle,flandria,rural,
8930,Menin,Menen,flandria,rural,
1785,Merchtem,Merchtem,flandria,rural,
9820,Merelbeke,Merelbeke,flandria,rural,
2330,Merksplas,Merksplas,flandria,rural,
8957,Messines,Mesen,flandria,rural,
8760,Meulebeke,Meulebeke,flandria,rural,
8430,Middelkerke,Middelkerke,flandria,rural,
9500,Moerbeke,Moerbeke,flandria,rural,
2400,Mol,Mol,flandria,rural,
8890,Moorslede,Moorslede,flandria,rural,
2640,Mortsel,Mortsel,flandria,rural,
9810,Nazareth,Nazareth,flandria,rural,
3910,Neerpelt,Neerpelt,flandria,rural,
9850,Nevele,Nevele,flandria,rural,
2845,Niel,Niel,flandria,rural,
8620,Nieuport,Nieuwpoort,flandria,rural,
3850,Nieuwerkerken,Nieuwerkerken,flandria,rural,
2560,Nijlen,Nijlen,flandria,rural,
9400,Ninove,Ninove,flandria,rural,
2250,Olen,Olen,flandria,rural,
9860,Oosterzele,Oosterzele,flandria,rural,
8020,Oostkamp,Oostkamp,flandria,rural,
8780,Oostrozebeke,Oostrozebeke,flandria,rural,
3660,Opglabbeek,Opglabbeek,flandria,rural,
1745,Opwijk,Opwijk,flandria,rural,
8400,Ostende,Oostende,flandria,urban,
8460,Oudenburg,Oudenburg,flandria,rural,
3050,Oud-Heverlee,Oud-Heverlee,flandria,rural,
3090,Overijse,Overijse,flandria,rural,
3900,Overpelt,Overpelt,flandria,rural,
8660,La Panne,De Panne,flandria,rural,
3990,Peer,Peer,flandria,rural,
1670,Pepingen,Pepingen,flandria,rural,
8740,Pittem,Pittem,flandria,rural,
8970,Poperinge,Poperinge,flandria,rural,
2580,Putte,Putte,flandria,rural,
2870,Puurs,Puurs,flandria,rural,
2520,Ranst,Ranst,flandria,rural,
2380,Ravels,Ravels,flandria,rural,
9600,Renaix,Ronse,flandria,rural,
2470,Retie,Retie,flandria,rural,
1640,Rhode-Saint-Genèse,Sint-Genesius-Rode,flandria,rural,
3770,Riemst,Riemst,flandria,rural,
2310,Rijkevorsel,Rijkevorsel,flandria,rural,
1760,Roosdaal,Roosdaal,flandria,rural,
3110,Rotselaar,Rotselaar,flandria,rural,
8800,Roulers,Roeselare,flandria,urban,
8755,Ruiselede,Ruiselede,flandria,rural,
2840,Rumst,Rumst,flandria,rural,
6221,Saint-Amand,Sint-Amands,flandria,rural,
9170,Saint-Gilles-Waes,Sint-Gillis-Waas,flandria,rural,
9980,Saint-Laurent,Sint-Laureins,flandria,rural,
4420,Saint-Nicolas,Sint-Niklaas,flandria,urban,
3800,Saint-Trond,Sint-Truiden,flandria,rural,
2627,Schelle,Schelle,flandria,rural,
3270,Scherpenheuvel-Zichem,Scherpenheuvel-Zichem,flandria,rural,
2970,Schilde,Schilde,flandria,rural,
2900,Schoten,Schoten,flandria,rural,
2940,Stabroek,Stabroek,flandria,rural,
8840,Staden,Staden,flandria,rural,
1820,Steenokkerzeel,Steenokkerzeel,flandria,rural,
9190,Stekene,Stekene,flandria,rural,
9140,Tamise,Temse,flandria,rural,
9200,Termonde,Dendermonde,flandria,urban,
1740,Ternat,Ternat,flandria,rural,
3080,Tervuren,Tervuren,flandria,rural,
3980,Tessenderlo,Tessenderlo,flandria,rural,
8820,Thourout,Torhout,flandria,rural,
3390,Tielt,Tielt,flandria,rural,
3390,Tielt-Winge,Tielt-Winge,flandria,rural,
3300,Tirlemont,Tienen,flandria,rural,
3700,Tongres,Tongeren,flandria,rural,
3120,Tremelo,Tremelo,flandria,rural,
2300,Turnhout,Turnhout,flandria,urban,
2360,Vieux-Turnhout,Oud-Turnhout,flandria,rural,
1800,Vilvorde,Vilvoorde,flandria,rural,
8640,Vleteren,Vleteren,flandria,rural,
2290,Vorselaar,Vorselaar,flandria,rural,
2350,Vosselaar,Vosselaar,flandria,rural,
9950,Waarschoot,Waarschoot,flandria,rural,
9250,Waasmunster,Waasmunster,flandria,rural,
9185,Wachtebeke,Wachtebeke,flandria,rural,
8790,Waregem,Waregem,flandria,rural,
2860,Wavre-Sainte-Catherine,Sint-Katelijne-Waver,flandria,rural,
3830,Wellen,Wellen,flandria,rural,
1780,Wemmel,Wemmel,flandria,rural,
8940,Wervik,Wervik,flandria,rural,
2260,Westerlo,Westerlo,flandria,rural,
9230,Wetteren,Wetteren,flandria,rural,
8560,Wevelgem,Wevelgem,flandria,rural,
1970,Wezembeek-Oppem,Wezembeek-Oppem,flandria,rural,
9260,Wichelen,Wichelen,flandria,rural,
8710,Wielsbeke,Wielsbeke,flandria,rural,
2110,Wijnegem,Wijnegem,flandria,rural,
2830,Willebroek,Willebroek,flandria,rural,
8750,Wingene,Wingene,flandria,rural,
2160,Wommelgem,Wommelgem,flandria,rural,
9790,Wortegem-Petegem,Wortegem-Petegem,flandria,rural,
2990,Wuustwezel,Wuustwezel,flandria,rural,
8900,Ypres,Ieper,flandria,rural,
2240,Zandhoven,Zandhoven,flandria,rural,
1930,Zaventem,Zaventem,flandria,rural,
8210,Zedelgem,Zedelgem,flandria,rural,
9240,Zele,Zele,flandria,rural,
9060,Zelzate,Zelzate,flandria,rural,
1980,Zemst,Zemst,flandria,rural,
9750,Zingem,Zingem,flandria,rural,
2980,Zoersel,Zoersel,flandria,rural,
9930,Zomergem,Zomergem,flandria,rural,
3520,Zonhoven,Zonhoven,flandria,rural,
8980,Zonnebeke,Zonnebeke,flandria,rural,
9620,Zottegem,Zottegem,flandria,rural,
3440,Zoutleeuw,Zoutleeuw,flandria,rural,
8377,Zuienkerke,Zuienkerke,flandria,rural,
9870,Zulte,Zulte,flandria,rural,
3690,Zutendaal,Zutendaal,flandria,rural,
9630,Zwalm,Zwalm,flandria,rural,
8550,Zwevegem,Zwevegem,flandria,rural,
2070,Zwijndrecht,Zwijndrecht,flandria,rural,
1070,Anderlecht,Anderlecht,brussels,urban,
1160,Auderghem,Oudergem,brussels,urban,
1082,Berchem-Sainte-Agathe,Sint-Agatha-Berchem,brussels,urban,
1000,Ville de Bruxelles,Brussel (stad),brussels,urban,1000
1040,Etterbeek,Etterbeek,brussels,urban,
1140,Evere,Evere,brussels,urban,
1190,Forest,Vorst,brussels,urban,
1083,Ganshoren,Ganshoren,brussels,urban,
1050,Ixelles,Elsene,brussels,urban,
1090,Jette,Jette,brussels,urban,
1081,Koekelberg,Koekelberg,brussels,urban,
1080,Molenbeek-Saint-Jean,Sint-Jans-Molenbeek,brussels,urban,
1060,Saint-Gilles,Sint-Gillis,brussels,urban,
1210,Saint-Josse-ten-Noode,Sint-Joost-ten-Node,brussels,urban,
1030,Schaerbeek,Schaarbeek,brussels,urban,
1180,Uccle,Ukkel,brussels,urban,
1170,Watermael-Boitsfort,Watermaal-Bosvoorde,brussels,urban,
1200,Woluwe-Saint-Lambert,Sint-Lambrechts-Woluwe,brussels,urban,
1150,Woluwe-Saint-Pierre,Sint-Pieters-Woluwe,brussels,urban,